date,precip,snow,snow_depth,temp_max,temp_min
1/1/14,0,0,0,33,24
1/2/14,0.33,3.1,0,33,18
1/3/14,0.29,3.3,5.9,18,9
1/4/14,0,0,5.9,29,8
1/5/14,0.14,0,3.9,40,27
1/6/14,0.36,0,1.2,55,19
1/7/14,0,0,0,19,4
1/8/14,0,0,0,22,9
1/9/14,0,0,0,32,22
1/10/14,0.11,0,0,37,30
1/11/14,0.5,0,0,58,37
1/12/14,0.05,0,0,54,38
1/13/14,0,0,0,51,37
1/14/14,0.38,0,0,52,44
1/15/14,0,0,0,47,39
1/16/14,0,0,0,42,36
1/17/14,0,0,0,44,33
1/18/14,0.07,0,0,41,29
1/19/14,0,0,0,38,24
1/20/14,0,0,0,46,31
1/21/14,0.46,11,0,31,11
1/22/14,0.02,0.5,11,17,5
1/23/14,0,0,7.1,20,7
1/24/14,0,0,5.9,20,10
1/25/14,0.04,1,3.9,28,19
1/26/14,0,0,3.9,34,17
1/27/14,0,0,3.1,44,21
1/28/14,0,0,1.2,21,12
1/29/14,0.04,0.8,2,23,14
1/30/14,0,0,1,30,16
1/31/14,0,0,1.2,39,25
2/1/14,0,0,1.2,45,36
2/2/14,0,0,1.2,56,39
2/3/14,1.17,8,1.2,43,27
2/4/14,0,0,7.9,35,22
2/5/14,1.43,4,9.1,34,29
2/6/14,0,0,9.1,32,21
2/7/14,0,0,9.1,32,24
2/8/14,0,0,9.1,29,21
2/9/14,0.1,1.2,7.9,31,21
2/10/14,0,0,9.8,29,21
2/11/14,0,0,9.8,26,16
2/12/14,0,0,9.8,25,13
2/13/14,1.78,9.5,11.8,36,24
2/14/14,0.3,3,18.1,40,31
2/15/14,0.13,1.6,18.1,37,27
2/16/14,0,0,18.1,30,21
2/17/14,0,0,16.9,32,18
2/18/14,0.16,1.5,18.1,39,26
2/19/14,0.26,0,16.9,45,34
2/20/14,0.03,0,15,51,37
2/21/14,0.09,0,13,49,36
2/22/14,0,0,9.8,54,40
2/23/14,0,0,9.1,54,43
2/24/14,0,0,5.9,44,27
2/25/14,0,0,5.9,33,24
2/26/14,0.03,0.2,5.9,31,20
2/27/14,0,0,5.9,34,14
2/28/14,0,0,5.9,24,9
3/1/14,0,0,5.9,37,20
3/2/14,0,0,5.1,40,32
3/3/14,0.04,0.1,5.1,32,17
3/4/14,0,0,5.1,29,13
3/5/14,0,0,3.9,39,26
3/6/14,0,0,3.9,31,16
3/7/14,0,0,3.9,37,26
3/8/14,0,0,3.1,57,35
3/9/14,0,0,2,44,36
3/10/14,0,0,1.2,51,36
3/11/14,0,0,0,66,45
3/12/14,0.35,0,0,56,32
3/13/14,0,0,0,32,18
3/14/14,0,0,0,46,22
3/15/14,0,0,0,58,42
3/16/14,0,0,0,42,30
3/17/14,0,0,0,35,23
3/18/14,0,0,0,43,28
3/19/14,0.92,0,0,46,32
3/20/14,0,0,0,54,40
3/21/14,0,0,0,51,39
3/22/14,0,0,0,63,41
3/23/14,0,0,0,42,27
3/24/14,0,0,0,35,21
3/25/14,0,0,0,39,26
3/26/14,0,0,0,36,24
3/27/14,0,0,0,44,22
3/28/14,0.04,0,0,62,37
3/29/14,1.81,0,0,59,43
3/30/14,0.35,0,0,49,39
3/31/14,0.16,0,0,56,36
4/1/14,0,0,0,60,39
4/2/14,0,0,0,54,42
4/3/14,0.07,0,0,67,46
4/4/14,0.21,0,0,47,40
4/5/14,0,0,0,54,40
4/6/14,0,0,0,61,36
4/7/14,0.52,0,0,53,43
4/8/14,0.34,0,0,64,46
4/9/14,0,0,0,61,45
4/10/14,0,0,0,58,42
4/11/14,0,0,0,75,56
4/12/14,0,0,0,73,50
4/13/14,0,0,0,77,54
4/14/14,0,0,0,75,59
4/15/14,0.71,0,0,63,33
4/16/14,0.05,0,0,49,31
4/17/14,0,0,0,48,36
4/18/14,0,0,0,49,35
4/19/14,0,0,0,68,41
4/20/14,0,0,0,60,45
4/21/14,0,0,0,67,41
4/22/14,0.01,0,0,71,51
4/23/14,0,0,0,61,44
4/24/14,0,0,0,62,42
4/25/14,0.02,0,0,63,44
4/26/14,0.92,0,0,67,46
4/27/14,0,0,0,59,47
4/28/14,0,0,0,67,45
4/29/14,0.03,0,0,52,43
4/30/14,4.97,0,0,52,41
5/1/14,0.12,0,0,78,51
5/2/14,0,0,0,70,56
5/3/14,0.08,0,0,71,54
5/4/14,0.02,0,0,65,54
5/5/14,0,0,0,70,50
5/6/14,0,0,0,71,52
5/7/14,0,0,0,69,50
5/8/14,0.41,0,0,59,53
5/9/14,0.04,0,0,63,55
5/10/14,0.37,0,0,83,57
5/11/14,0.03,0,0,82,60
5/12/14,0,0,0,85,64
5/13/14,0,0,0,73,53
5/14/14,0.01,0,0,71,52
5/15/14,0.15,0,0,71,58
5/16/14,1.54,0,0,68,58
5/17/14,0,0,0,70,53
5/18/14,0,0,0,67,51
5/19/14,0,0,0,72,49
5/20/14,0,0,0,78,53
5/21/14,0,0,0,74,63
5/22/14,0.24,0,0,67,59
5/23/14,0.91,0,0,71,56
5/24/14,0.4,0,0,70,57
5/25/14,0,0,0,80,55
5/26/14,0,0,0,86,66
5/27/14,0,0,0,86,64
5/28/14,0,0,0,64,54
5/29/14,0,0,0,66,51
5/30/14,0,0,0,75,55
5/31/14,0.05,0,0,73,57
6/1/14,0,0,0,77,55
6/2/14,0,0,0,80,59
6/3/14,0.12,0,0,87,65
6/4/14,0,0,0,82,63
6/5/14,0.87,0,0,76,61
6/6/14,0,0,0,76,61
6/7/14,0,0,0,82,60
6/8/14,0,0,0,86,66
6/9/14,1.6,0,0,73,63
6/10/14,0,0,0,77,65
6/11/14,0.02,0,0,70,61
6/12/14,0.07,0,0,73,60
6/13/14,1.28,0,0,79,65
6/14/14,0,0,0,74,60
6/15/14,0,0,0,80,59
6/16/14,0,0,0,81,63
6/17/14,0,0,0,89,71
6/18/14,0,0,0,89,76
6/19/14,0.15,0,0,77,68
6/20/14,0,0,0,79,64
6/21/14,0,0,0,78,62
6/22/14,0,0,0,79,64
6/23/14,0,0,0,81,65
6/24/14,0,0,0,81,68
6/25/14,0.08,0,0,85,70
6/26/14,0.07,0,0,85,70
6/27/14,0,0,0,83,67
6/28/14,0,0,0,87,66
6/29/14,0,0,0,83,68
6/30/14,0,0,0,84,69
7/1/14,0,0,0,89,72
7/2/14,0.96,0,0,91,72
7/3/14,1.78,0,0,87,69
7/4/14,0.14,0,0,74,65
7/5/14,0,0,0,81,63
7/6/14,0,0,0,84,66
7/7/14,0.04,0,0,90,72
7/8/14,0.39,0,0,91,71
7/9/14,0.09,0,0,88,71
7/10/14,0,0,0,83,72
7/11/14,0,0,0,86,71
7/12/14,0,0,0,85,71
7/13/14,0.03,0,0,83,72
7/14/14,0.46,0,0,84,72
7/15/14,1.3,0,0,86,72
7/16/14,0,0,0,81,68
7/17/14,0,0,0,81,67
7/18/14,0,0,0,81,64
7/19/14,0,0,0,76,68
7/20/14,0,0,0,80,66
7/21/14,0,0,0,85,67
7/22/14,0,0,0,86,71
7/23/14,0.19,0,0,88,72
7/24/14,0,0,0,80,70
7/25/14,0,0,0,82,66
7/26/14,0,0,0,81,69
7/27/14,0.02,0,0,85,71
7/28/14,0.19,0,0,82,68
7/29/14,0,0,0,76,64
7/30/14,0,0,0,80,63
7/31/14,0,0,0,82,68
8/1/14,0,0,0,84,71
8/2/14,0.41,0,0,74,63
8/3/14,0.07,0,0,76,66
8/4/14,0,0,0,84,70
8/5/14,0,0,0,90,71
8/6/14,0,0,0,83,70
8/7/14,0,0,0,83,66
8/8/14,0,0,0,83,65
8/9/14,0,0,0,87,66
8/10/14,0,0,0,88,68
8/11/14,0,0,0,87,71
8/12/14,0.19,0,0,79,70
8/13/14,0.53,0,0,82,68
8/14/14,0,0,0,77,63
8/15/14,0,0,0,73,61
8/16/14,0,0,0,78,63
8/17/14,0.01,0,0,82,66
8/18/14,0,0,0,81,63
8/19/14,0,0,0,83,63
8/20/14,0,0,0,84,70
8/21/14,0.35,0,0,83,65
8/22/14,0.06,0,0,79,65
8/23/14,0.01,0,0,77,67
8/24/14,0,0,0,80,64
8/25/14,0,0,0,88,64
8/26/14,0,0,0,89,70
8/27/14,0,0,0,90,70
8/28/14,0,0,0,82,66
8/29/14,0,0,0,80,61
8/30/14,0,0,0,80,65
8/31/14,0.62,0,0,90,73
9/1/14,0,0,0,88,75
9/2/14,0,0,0,92,77
9/3/14,0,0,0,86,72
9/4/14,0,0,0,87,69
9/5/14,0,0,0,87,72
9/6/14,0.11,0,0,91,67
9/7/14,0,0,0,81,65
9/8/14,0,0,0,75,65
9/9/14,0,0,0,73,63
9/10/14,0,0,0,80,63
9/11/14,0,0,0,83,69
9/12/14,0,0,0,78,62
9/13/14,0.26,0,0,69,58
9/14/14,0,0,0,71,53
9/15/14,0,0,0,71,55
9/16/14,0.37,0,0,70,58
9/17/14,0,0,0,73,55
9/18/14,0,0,0,76,57
9/19/14,0,0,0,66,54
9/20/14,0,0,0,75,57
9/21/14,0.15,0,0,75,67
9/22/14,0,0,0,71,55
9/23/14,0,0,0,71,52
9/24/14,0,0,0,71,58
9/25/14,0.32,0,0,64,57
9/26/14,0,0,0,77,58
9/27/14,0,0,0,83,60
9/28/14,0,0,0,84,64
9/29/14,0,0,0,79,67
9/30/14,0,0,0,71,62
10/1/14,0.02,0,0,65,61
10/2/14,0,0,0,70,61
10/3/14,0,0,0,71,56
10/4/14,1.18,0,0,69,52
10/5/14,0,0,0,61,46
10/6/14,0,0,0,69,50
10/7/14,0.06,0,0,71,63
10/8/14,0.04,0,0,73,62
10/9/14,0,0,0,68,55
10/10/14,0,0,0,64,52
10/11/14,0.33,0,0,60,50
10/12/14,0,0,0,63,48
10/13/14,0.05,0,0,65,52
10/14/14,0,0,0,76,63
10/15/14,0.69,0,0,77,69
10/16/14,1.11,0,0,71,61
10/17/14,0,0,0,71,59
10/18/14,0,0,0,70,56
10/19/14,0,0,0,56,44
10/20/14,0,0,0,60,42
10/21/14,0.11,0,0,67,55
10/22/14,1.51,0,0,58,50
10/23/14,0.61,0,0,53,50
10/24/14,0,0,0,63,51
10/25/14,0.01,0,0,67,50
10/26/14,0,0,0,63,53
10/27/14,0,0,0,63,48
10/28/14,0,0,0,72,53
10/29/14,0,0,0,72,51
10/30/14,0,0,0,59,47
10/31/14,0.05,0,0,55,45
11/1/14,0.35,0,0,47,42
11/2/14,0,0,0,48,41
11/3/14,0,0,0,61,39
11/4/14,0,0,0,68,53
11/5/14,0,0,0,64,56
11/6/14,0.37,0,0,57,48
11/7/14,0,0,0,53,40
11/8/14,0,0,0,48,36
11/9/14,0,0,0,57,46
11/10/14,0,0,0,61,44
11/11/14,0,0,0,64,49
11/12/14,0,0,0,65,47
11/13/14,0.2,0,0,48,36
11/14/14,0.06,0,0,42,35
11/15/14,0,0,0,42,33
11/16/14,0.03,0,0,45,35
11/17/14,1.54,0,0,52,40
11/18/14,0,0,0,45,24
11/19/14,0,0,0,36,22
11/20/14,0,0,0,45,31
11/21/14,0,0,0,37,28
11/22/14,0,0,0,44,28
11/23/14,0,0,0,57,43
11/24/14,0.7,0,0,69,53
11/25/14,0,0,0,68,51
11/26/14,1.24,0.2,0,51,34
11/27/14,0.02,0,0,38,34
11/28/14,0,0,0,37,29
11/29/14,0,0,0,45,27
11/30/14,0,0,0,55,45
12/1/14,0.09,0,0,65,42
12/2/14,0.08,0,0,43,35
12/3/14,0.06,0,0,46,41
12/4/14,0,0,0,45,37
12/5/14,0.51,0,0,44,34
12/6/14,1.22,0,0,50,39
12/7/14,0.04,0,0,42,30
12/8/14,0,0,0,37,24
12/9/14,2.54,0,0,42,36
12/10/14,0.08,1,0,40,32
12/11/14,0.01,0,1.2,38,31
12/12/14,0,0,0,38,32
12/13/14,0,0,0,44,34
12/14/14,0,0,0,46,38
12/15/14,0,0,0,48,37
12/16/14,0.2,0,0,49,38
12/17/14,0.02,0,0,54,42
12/18/14,0,0,0,42,37
12/19/14,0,0,0,38,31
12/20/14,0,0,0,33,30
12/21/14,0,0,0,36,31
12/22/14,0.04,0,0,44,35
12/23/14,0.16,0,0,46,43
12/24/14,0.8,0,0,58,44
12/25/14,0.09,0,0,62,44
12/26/14,0,0,0,50,40
12/27/14,0,0,0,55,44
12/28/14,0.1,0,0,54,43
12/29/14,0,0,0,44,34
12/30/14,0,0,0,34,28
12/31/14,0,0,0,32,27
1/1/15,0,0,0,39,27
1/2/15,0,0,0,42,35
1/3/15,0.71,0,0,42,33
1/4/15,0.3,0,0,56,41
1/5/15,0,0,0,49,21
1/6/15,0.05,1,0,22,19
1/7/15,0,0,1.2,23,9
1/8/15,0,0,0,21,8
1/9/15,0.07,1.5,0,33,19
1/10/15,0,0,1.2,23,16
1/11/15,0,0,1.2,37,18
1/12/15,0.36,0,0,39,35
1/13/15,0,0,0,36,17
1/14/15,0,0,0,32,16
1/15/15,0,0,0,35,25
1/16/15,0,0,0,43,20
1/17/15,0,0,0,32,17
1/18/15,2.1,0,0,42,31
1/19/15,0,0,0,42,36
1/20/15,0,0,0,40,32
1/21/15,0,0,0,36,25
1/22/15,0,0,0,40,31
1/23/15,0,0,0,39,28
1/24/15,0.72,3.6,3.1,39,33
1/25/15,0,0,2,42,31
1/26/15,0.48,5.5,2,31,22
1/27/15,0.36,4.3,7.9,30,20
1/28/15,0,0,7.9,34,16
1/29/15,0.02,0,5.9,36,19
1/30/15,0.06,1,7.1,38,19
1/31/15,0,0,7.1,26,13
2/1/15,0.03,0.3,5.9,36,20
2/2/15,1.02,5,7.1,34,14
2/3/15,0,0,7.9,26,13
2/4/15,0,0,7.9,43,24
2/5/15,0,0,7.9,42,14
2/6/15,0,0,7.9,27,12
2/7/15,0.02,0,7.9,40,25
2/8/15,0,0,7.9,37,29
2/9/15,0.09,0,7.9,29,25
2/10/15,0.01,0.1,7.9,40,26
2/11/15,0,0,7.9,34,22
2/12/15,0,0,7.9,40,16
2/13/15,0,0,7.9,21,8
2/14/15,0.02,0.9,7.9,32,16
2/15/15,0,0,9.1,25,4
2/16/15,0,0,9.1,21,3
2/17/15,0.14,3.3,11.8,27,14
2/18/15,0,0,9.1,33,19
2/19/15,0,0,9.1,27,8
2/20/15,0,0,9.1,19,2
2/21/15,0.61,3,9.1,32,13
2/22/15,0.1,1,13,43,32
2/23/15,0,0,11.8,38,8
2/24/15,0,0,11.8,24,4
2/25/15,0,0,11.8,37,20
2/26/15,0,0,11,32,21
2/27/15,0,0,11,30,18
2/28/15,0,0,11,29,13
3/1/15,0.52,4.8,9.8,31,24
3/2/15,0,0,15,39,27
3/3/15,0.67,1.8,14.2,37,22
3/4/15,0.25,0,13,45,35
3/5/15,0.76,7.5,13,40,19
3/6/15,0,0,18.9,27,12
3/7/15,0,0,18.1,38,18
3/8/15,0,0,16.1,49,37
3/9/15,0.01,0,13,54,40
3/10/15,0.46,0,11,53,39
3/11/15,0.01,0,5.9,59,44
3/12/15,0,0,3.9,47,36
3/13/15,0,0,2,43,31
3/14/15,0.81,0,1.2,51,40
3/15/15,0,0,0,44,36
3/16/15,0,0,0,52,35
3/17/15,0.02,0,0,57,34
3/18/15,0,0,0,39,29
3/19/15,0,0,0,43,29
3/20/15,0.4,4.5,0,38,29
3/21/15,0,0,5.1,47,29
3/22/15,0,0,0,43,28
3/23/15,0,0,0,38,23
3/24/15,0,0,0,45,26
3/25/15,0.05,0,0,49,34
3/26/15,0.32,0,0,62,42
3/27/15,0.27,0,0,46,39
3/28/15,0,0,0,40,26
3/29/15,0,0,0,46,25
3/30/15,0,0,0,54,36
3/31/15,0.17,0,0,47,35
4/1/15,0,0,0,51,32
4/2/15,0,0,0,67,41
4/3/15,0.04,0,0,64,59
4/4/15,0.01,0,0,60,42
4/5/15,0,0,0,61,42
4/6/15,0,0,0,63,42
4/7/15,0.15,0,0,62,42
4/8/15,0,0,0,45,37
4/9/15,0,0,0,43,37
4/10/15,0.17,0,0,56,39
4/11/15,0,0,0,57,44
4/12/15,0,0,0,66,43
4/13/15,0,0,0,68,50
4/14/15,0.01,0,0,65,55
4/15/15,0,0,0,72,51
4/16/15,0,0,0,64,52
4/17/15,0.08,0,0,71,55
4/18/15,0,0,0,80,59
4/19/15,0,0,0,64,48
4/20/15,1.37,0,0,57,46
4/21/15,0.2,0,0,65,52
4/22/15,0.05,0,0,69,48
4/23/15,0,0,0,52,41
4/24/15,0,0,0,52,39
4/25/15,0,0,0,62,38
4/26/15,0,0,0,64,46
4/27/15,0,0,0,62,49
4/28/15,0,0,0,71,50
4/29/15,0,0,0,78,50
4/30/15,0,0,0,67,48
5/1/15,0,0,0,63,49
5/2/15,0,0,0,74,48
5/3/15,0,0,0,80,51
5/4/15,0,0,0,85,57
5/5/15,0,0,0,85,66
5/6/15,0,0,0,73,59
5/7/15,0,0,0,80,56
5/8/15,0,0,0,82,56
5/9/15,0,0,0,70,57
5/10/15,0,0,0,83,61
5/11/15,0,0,0,84,70
5/12/15,0,0,0,86,64
5/13/15,0,0,0,70,53
5/14/15,0,0,0,73,50
5/15/15,0,0,0,75,55
5/16/15,0.3,0,0,75,57
5/17/15,0.02,0,0,83,64
5/18/15,0,0,0,75,60
5/19/15,0,0,0,80,59
5/20/15,0,0,0,67,54
5/21/15,0,0,0,62,52
5/22/15,0,0,0,74,55
5/23/15,0,0,0,70,49
5/24/15,0,0,0,81,56
5/25/15,0,0,0,85,64
5/26/15,0,0,0,88,67
5/27/15,0.08,0,0,85,70
5/28/15,0,0,0,85,70
5/29/15,0,0,0,85,65
5/30/15,0,0,0,85,67
5/31/15,1.46,0,0,87,57
6/1/15,0.72,0,0,58,51
6/2/15,0.37,0,0,55,50
6/3/15,0,0,0,70,52
6/4/15,0,0,0,65,54
6/5/15,0.13,0,0,70,55
6/6/15,0.19,0,0,76,60
6/7/15,0,0,0,74,55
6/8/15,0.06,0,0,79,63
6/9/15,0.01,0,0,83,68
6/10/15,0,0,0,82,65
6/11/15,0,0,0,89,72
6/12/15,0,0,0,88,73
6/13/15,0,0,0,86,72
6/14/15,0.36,0,0,88,66
6/15/15,0.57,0,0,83,64
6/16/15,0.27,0,0,79,65
6/17/15,0,0,0,82,66
6/18/15,0,0,0,71,64
6/19/15,0,0,0,87,68
6/20/15,0,0,0,75,64
6/21/15,0.64,0,0,88,71
6/22/15,0,0,0,87,70
6/23/15,0.02,0,0,90,75
6/24/15,0,0,0,84,68
6/25/15,0,0,0,83,65
6/26/15,0,0,0,81,69
6/27/15,1.12,0,0,71,58
6/28/15,0.29,0,0,73,62
6/29/15,0,0,0,76,63
6/30/15,0.04,0,0,82,68
7/1/15,0.39,0,0,82,69
7/2/15,0,0,0,80,69
7/3/15,0,0,0,82,66
7/4/15,0,0,0,75,69
7/5/15,0,0,0,83,68
7/6/15,0,0,0,83,72
7/7/15,0.12,0,0,88,75
7/8/15,0,0,0,88,77
7/9/15,0.3,0,0,79,68
7/10/15,0,0,0,84,72
7/11/15,0,0,0,88,69
7/12/15,0,0,0,89,72
7/13/15,0,0,0,88,73
7/14/15,0.42,0,0,82,73
7/15/15,0.12,0,0,81,72
7/16/15,0,0,0,80,64
7/17/15,0,0,0,81,67
7/18/15,0.32,0,0,85,71
7/19/15,0,0,0,93,78
7/20/15,0,0,0,94,82
7/21/15,0,0,0,89,74
7/22/15,0,0,0,85,69
7/23/15,0,0,0,86,68
7/24/15,0,0,0,87,70
7/25/15,0,0,0,88,69
7/26/15,0,0,0,90,74
7/27/15,0.36,0,0,86,71
7/28/15,0,0,0,95,75
7/29/15,0,0,0,96,78
7/30/15,1.95,0,0,87,76
7/31/15,0,0,0,89,72
8/1/15,0,0,0,89,75
8/2/15,0,0,0,89,71
8/3/15,0,0,0,90,75
8/4/15,0.43,0,0,89,69
8/5/15,0,0,0,87,72
8/6/15,0,0,0,83,67
8/7/15,0,0,0,84,69
8/8/15,0,0,0,82,68
8/9/15,0,0,0,85,68
8/10/15,0,0,0,84,70
8/11/15,1.17,0,0,81,71
8/12/15,0,0,0,85,71
8/13/15,0,0,0,83,67
8/14/15,0,0,0,88,67
8/15/15,0,0,0,92,73
8/16/15,0,0,0,93,76
8/17/15,0,0,0,95,78
8/18/15,0.29,0,0,90,73
8/19/15,0,0,0,87,77
8/20/15,0.01,0,0,86,77
8/21/15,0.32,0,0,87,71
8/22/15,0,0,0,86,69
8/23/15,0,0,0,85,70
8/24/15,0,0,0,87,73
8/25/15,0,0,0,90,73
8/26/15,0,0,0,85,67
8/27/15,0,0,0,82,67
8/28/15,0,0,0,82,63
8/29/15,0,0,0,87,67
8/30/15,0.13,0,0,90,72
8/31/15,0,0,0,91,76
9/1/15,0,0,0,90,76
9/2/15,0,0,0,91,74
9/3/15,0,0,0,93,74
9/4/15,0,0,0,85,72
9/5/15,0,0,0,83,67
9/6/15,0,0,0,87,65
9/7/15,0,0,0,92,70
9/8/15,0,0,0,97,76
9/9/15,0,0,0,90,76
9/10/15,1.58,0,0,79,70
9/11/15,0,0,0,81,66
9/12/15,0.29,0,0,79,69
9/13/15,0.04,0,0,80,62
9/14/15,0,0,0,77,59
9/15/15,0,0,0,84,62
9/16/15,0,0,0,88,66
9/17/15,0,0,0,89,68
9/18/15,0,0,0,87,68
9/19/15,0,0,0,83,68
9/20/15,0,0,0,79,64
9/21/15,0,0,0,73,59
9/22/15,0,0,0,71,62
9/23/15,0,0,0,80,59
9/24/15,0,0,0,82,60
9/25/15,0,0,0,76,63
9/26/15,0,0,0,72,61
9/27/15,0,0,0,71,56
9/28/15,0,0,0,78,65
9/29/15,0.11,0,0,83,72
9/30/15,1.26,0,0,79,59
10/1/15,0.09,0,0,64,56
10/2/15,1.08,0,0,57,48
10/3/15,0.35,0,0,55,49
10/4/15,0,0,0,63,53
10/5/15,0,0,0,67,52
10/6/15,0,0,0,73,52
10/7/15,0,0,0,73,58
10/8/15,0,0,0,72,59
10/9/15,0.89,0,0,78,61
10/10/15,0,0,0,65,50
10/11/15,0,0,0,69,53
10/12/15,0,0,0,77,56
10/13/15,0.01,0,0,72,61
10/14/15,0,0,0,69,57
10/15/15,0,0,0,64,51
10/16/15,0,0,0,64,53
10/17/15,0,0,0,56,42
10/18/15,0,0,0,50,38
10/19/15,0,0,0,53,35
10/20/15,0,0,0,70,48
10/21/15,0,0,0,76,57
10/22/15,0,0,0,75,58
10/23/15,0,0,0,65,45
10/24/15,0,0,0,57,40
10/25/15,0.05,0,0,68,48
10/26/15,0,0,0,58,46
10/27/15,0,0,0,59,45
10/28/15,1.4,0,0,69,53
10/29/15,0.04,0,0,73,57
10/30/15,0,0,0,61,48
10/31/15,0,0,0,56,42
11/1/15,0,0,0,65,54
11/2/15,0,0,0,63,54
11/3/15,0,0,0,72,48
11/4/15,0,0,0,70,56
11/5/15,0.01,0,0,71,56
11/6/15,0,0,0,74,66
11/7/15,0,0,0,72,53
11/8/15,0,0,0,56,46
11/9/15,0,0,0,59,43
11/10/15,0.26,0,0,57,51
11/11/15,0.43,0,0,58,49
11/12/15,0.01,0,0,61,51
11/13/15,0,0,0,58,46
11/14/15,0,0,0,49,42
11/15/15,0,0,0,58,39
11/16/15,0,0,0,67,51
11/17/15,0,0,0,52,40
11/18/15,0,0,0,58,46
11/19/15,1.25,0,0,64,57
11/20/15,0,0,0,64,46
11/21/15,0,0,0,53,42
11/22/15,0.03,0,0,55,42
11/23/15,0,0,0,44,33
11/24/15,0,0,0,46,32
11/25/15,0,0,0,50,36
11/26/15,0,0,0,60,41
11/27/15,0,0,0,64,51
11/28/15,0.02,0,0,64,45
11/29/15,0,0,0,49,38
11/30/15,0,0,0,47,33
12/1/15,0.33,0,0,51,44
12/2/15,0.14,0,0,57,46
12/3/15,0,0,0,55,44
12/4/15,0,0,0,51,42
12/5/15,0,0,0,51,40
12/6/15,0,0,0,53,39
12/7/15,0,0,0,54,42
12/8/15,0,0,0,49,41
12/9/15,0,0,0,55,40
12/10/15,0,0,0,60,51
12/11/15,0,0,0,61,50
12/12/15,0,0,0,66,55
12/13/15,0,0,0,67,55
12/14/15,0.33,0,0,67,53
12/15/15,0.09,0,0,68,53
12/16/15,0.04,0,0,53,46
12/17/15,1.21,0,0,59,50
12/18/15,0,0,0,57,38
12/19/15,0,0,0,40,35
12/20/15,0,0,0,43,34
12/21/15,0,0,0,56,39
12/22/15,0.19,0,0,62,53
12/23/15,1.55,0,0,64,52
12/24/15,0.01,0,0,72,63
12/25/15,0.01,0,0,66,57
12/26/15,0,0,0,59,47
12/27/15,0.12,0,0,61,46
12/28/15,0.03,0,0,46,34
12/29/15,0.45,0,0,46,34
12/30/15,0.19,0,0,48,38
12/31/15,0.03,0,0,48,42
1/1/16,0,0,0,42,34
1/2/16,0,0,0,40,32
1/3/16,0,0,0,45,35
1/4/16,0,0,0,36,14
1/5/16,0,0,0,29,11
1/6/16,0,0,0,41,25
1/7/16,0,0,0,46,31
1/8/16,0,0,0,46,31
1/9/16,0,0,0,47,40
1/10/16,1.8,0,0,59,40
1/11/16,0,0,0,40,26
1/12/16,0,0,0,44,25
1/13/16,0,0,0,30,22
1/14/16,0,0,0,38,22
1/15/16,0,0,0,51,34
1/16/16,0.24,0,0,52,42
1/17/16,0.05,0.4,0,42,30
1/18/16,0,0,0,31,18
1/19/16,0,0,0,28,16
1/20/16,0,0,0,37,27
1/21/16,0,0,0,36,26
1/22/16,0.01,0.2,0,30,21
1/23/16,2.31,27.3,5.9,27,24
1/24/16,0,0,22,35,20
1/25/16,0,0,18.9,39,28
1/26/16,0,0,16.9,48,38
1/27/16,0,0,9.1,47,34
1/28/16,0,0,5.9,42,32
1/29/16,0,0,5.9,41,30
1/30/16,0,0,5.9,39,28
1/31/16,0,0,3.9,56,36
2/1/16,0.01,0,2,59,44
2/2/16,0,0,0,50,38
2/3/16,0.73,0,0,59,42
2/4/16,0,0,0,59,44
2/5/16,0.53,2.5,1.2,44,31
2/6/16,0,0,0,40,30
2/7/16,0,0,0,47,33
2/8/16,0.05,0.1,0,39,28
2/9/16,0,0,0,36,27
2/10/16,0.01,0,0,39,31
2/11/16,0,0,0,31,18
2/12/16,0,0,0,27,15
2/13/16,0,0,0,22,6
2/14/16,0,0,0,15,-1
2/15/16,0.44,1.4,0,35,13
2/16/16,1.01,0,0,54,35
2/17/16,0,0,0,39,35
2/18/16,0,0,0,36,27
2/19/16,0,0,0,39,24
2/20/16,0,0,0,61,39
2/21/16,0.03,0,0,55,44
2/22/16,0,0,0,52,38
2/23/16,0.3,0,0,40,35
2/24/16,1.22,0,0,60,36
2/25/16,0.02,0,0,61,37
2/26/16,0,0,0,39,27
2/27/16,0,0,0,41,26
2/28/16,0,0,0,60,38
2/29/16,0.05,0,0,61,47
3/1/16,0,0,0,52,39
3/2/16,0.14,0,0,55,29
3/3/16,0,0,0,36,26
3/4/16,0.11,0.4,0,39,30
3/5/16,0,0,0,41,28
3/6/16,0,0,0,44,32
3/7/16,0,0,0,60,36
3/8/16,0,0,0,67,47
3/9/16,0,0,0,77,44
3/10/16,0,0,0,79,63
3/11/16,0.06,0,0,68,48
3/12/16,0,0,0,59,40
3/13/16,0,0,0,62,50
3/14/16,0.29,0,0,51,40
3/15/16,0,0,0,57,44
3/16/16,0.02,0,0,65,48
3/17/16,0,0,0,63,45
3/18/16,0,0,0,57,42
3/19/16,0,0,0,46,36
3/20/16,0.07,0,0,43,32
3/21/16,0.06,0.5,0,50,32
3/22/16,0,0,0,56,35
3/23/16,0,0,0,71,48
3/24/16,0,0,0,55,44
3/25/16,0.04,0,0,72,44
3/26/16,0,0,0,55,38
3/27/16,0,0,0,55,43
3/28/16,0.38,0,0,62,42
3/29/16,0,0,0,53,40
3/30/16,0,0,0,56,37
3/31/16,0,0,0,73,49
4/1/16,0.02,0,0,79,61
4/2/16,0.16,0,0,61,49
4/3/16,0.09,0,0,50,34
4/4/16,0.47,0,0,45,29
4/5/16,0,0,0,43,26
4/6/16,0,0,0,48,30
4/7/16,0.09,0,0,58,48
4/8/16,0.01,0,0,50,40
4/9/16,0.11,0,0,43,36
4/10/16,0,0,0,50,31
4/11/16,0.01,0,0,65,43
4/12/16,0.2,0,0,59,45
4/13/16,0,0,0,58,40
4/14/16,0,0,0,62,43
4/15/16,0,0,0,65,42
4/16/16,0,0,0,68,43
4/17/16,0,0,0,75,44
4/18/16,0,0,0,82,51
4/19/16,0,0,0,73,55
4/20/16,0,0,0,69,49
4/21/16,0,0,0,73,49
4/22/16,0,0,0,79,62
4/23/16,0.16,0,0,71,54
4/24/16,0,0,0,68,47
4/25/16,0,0,0,69,50
4/26/16,0.24,0,0,60,47
4/27/16,0,0,0,62,46
4/28/16,0,0,0,59,48
4/29/16,0.05,0,0,58,45
4/30/16,0,0,0,65,46
5/1/16,0.16,0,0,51,45
5/2/16,0.04,0,0,60,45
5/3/16,0.61,0,0,56,51
5/4/16,0.01,0,0,52,48
5/5/16,0,0,0,57,46
5/6/16,0.54,0,0,54,48
5/7/16,0,0,0,60,48
5/8/16,0.16,0,0,66,49
5/9/16,0,0,0,72,52
5/10/16,0,0,0,63,50
5/11/16,0,0,0,76,50
5/12/16,0,0,0,80,56
5/13/16,0.25,0,0,65,57
5/14/16,0,0,0,73,56
5/15/16,0,0,0,59,46
5/16/16,0,0,0,66,43
5/17/16,0,0,0,64,52
5/18/16,0,0,0,68,52
5/19/16,0,0,0,73,54
5/20/16,0,0,0,76,53
5/21/16,0.04,0,0,66,54
5/22/16,0.09,0,0,70,52
5/23/16,0.02,0,0,78,56
5/24/16,0.18,0,0,73,58
5/25/16,0,0,0,88,61
5/26/16,0,0,0,90,69
5/27/16,0,0,0,87,73
5/28/16,0,0,0,92,71
5/29/16,0,0,0,87,70
5/30/16,1.65,0,0,82,68
5/31/16,0,0,0,85,71
6/1/16,0,0,0,83,66
6/2/16,0,0,0,78,62
6/3/16,0.04,0,0,70,63
6/4/16,0.4,0,0,83,66
6/5/16,0.91,0,0,71,65
6/6/16,0,0,0,83,65
6/7/16,0,0,0,85,64
6/8/16,0.45,0,0,67,52
6/9/16,0,0,0,71,54
6/10/16,0,0,0,77,57
6/11/16,0,0,0,88,59
6/12/16,0,0,0,83,62
6/13/16,0,0,0,74,57
6/14/16,0,0,0,79,58
6/15/16,0,0,0,85,62
6/16/16,0.22,0,0,74,65
6/17/16,0,0,0,78,63
6/18/16,0,0,0,87,61
6/19/16,0,0,0,88,66
6/20/16,0,0,0,84,64
6/21/16,0,0,0,87,72
6/22/16,0,0,0,86,68
6/23/16,0,0,0,83,69
6/24/16,0,0,0,84,67
6/25/16,0,0,0,86,64
6/26/16,0,0,0,87,67
6/27/16,0.45,0,0,83,67
6/28/16,0.12,0,0,76,68
6/29/16,0.01,0,0,83,67
6/30/16,0,0,0,85,67
7/1/16,0.83,0,0,79,66
7/2/16,0,0,0,76,63
7/3/16,0,0,0,78,64
7/4/16,0.49,0,0,84,66
7/5/16,0.66,0,0,86,69
7/6/16,0,0,0,91,75
7/7/16,0.04,0,0,89,77
7/8/16,0.08,0,0,86,67
7/9/16,0.53,0,0,72,65
7/10/16,0,0,0,80,66
7/11/16,0,0,0,81,65
7/12/16,0,0,0,82,68
7/13/16,0,0,0,85,71
7/14/16,0.62,0,0,88,73
7/15/16,0,0,0,88,79
7/16/16,0,0,0,90,75
7/17/16,0,0,0,89,75
7/18/16,0.35,0,0,93,72
7/19/16,0,0,0,83,73
7/20/16,0,0,0,85,68
7/21/16,0,0,0,90,71
7/22/16,0,0,0,94,74
7/23/16,0,0,0,96,80
7/24/16,0,0,0,94,75
7/25/16,1,0,0,93,73
7/26/16,0,0,0,89,72
7/27/16,0,0,0,91,74
7/28/16,0,0,0,95,75
7/29/16,1.09,0,0,85,69
7/30/16,0.25,0,0,84,73
7/31/16,1.08,0,0,78,71
8/1/16,0,0,0,80,69
8/2/16,0,0,0,79,68
8/3/16,0,0,0,80,66
8/4/16,0,0,0,81,67
8/5/16,0,0,0,83,69
8/6/16,0.05,0,0,87,72
8/7/16,0,0,0,86,70
8/8/16,0,0,0,86,71
8/9/16,0,0,0,87,71
8/10/16,0.09,0,0,86,75
8/11/16,0.15,0,0,91,74
8/12/16,0.32,0,0,93,73
8/13/16,0,0,0,96,81
8/14/16,0.06,0,0,94,78
8/15/16,0,0,0,92,77
8/16/16,0.11,0,0,87,78
8/17/16,0.01,0,0,85,77
8/18/16,0.03,0,0,85,72
8/19/16,0.01,0,0,88,74
8/20/16,0.82,0,0,83,70
8/21/16,0.31,0,0,86,73
8/22/16,0,0,0,79,65
8/23/16,0,0,0,82,61
8/24/16,0,0,0,88,68
8/25/16,0.01,0,0,86,69
8/26/16,0,0,0,90,75
8/27/16,0,0,0,89,73
8/28/16,0,0,0,89,72
8/29/16,0,0,0,91,74
8/30/16,0,0,0,86,69
8/31/16,0,0,0,89,74
9/1/16,0.5,0,0,79,69
9/2/16,0,0,0,81,66
9/3/16,0,0,0,75,66
9/4/16,0,0,0,80,65
9/5/16,0,0,0,84,65
9/6/16,0,0,0,80,71
9/7/16,0,0,0,85,71
9/8/16,0,0,0,89,71
9/9/16,0.22,0,0,91,75
9/10/16,0,0,0,90,74
9/11/16,0,0,0,83,67
9/12/16,0,0,0,78,62
9/13/16,0,0,0,83,64
9/14/16,0.56,0,0,91,67
9/15/16,0,0,0,74,61
9/16/16,0,0,0,73,61
9/17/16,0,0,0,77,59
9/18/16,0,0,0,82,70
9/19/16,0.68,0,0,76,69
9/20/16,0,0,0,82,68
9/21/16,0,0,0,84,68
9/22/16,0,0,0,86,65
9/23/16,0.01,0,0,87,64
9/24/16,0.2,0,0,71,58
9/25/16,0,0,0,70,54
9/26/16,0,0,0,74,54
9/27/16,0.22,0,0,74,64
9/28/16,0,0,0,69,56
9/29/16,0,0,0,64,57
9/30/16,0.4,0,0,59,56
10/1/16,0,0,0,62,56
10/2/16,0,0,0,63,57
10/3/16,0,0,0,72,60
10/4/16,0,0,0,69,60
10/5/16,0,0,0,67,53
10/6/16,0,0,0,73,55
10/7/16,0,0,0,75,57
10/8/16,0.23,0,0,68,58
10/9/16,0.55,0,0,65,51
10/10/16,0,0,0,64,47
10/11/16,0,0,0,63,46
10/12/16,0,0,0,66,53
10/13/16,0,0,0,67,53
10/14/16,0,0,0,62,47
10/15/16,0,0,0,65,45
10/16/16,0,0,0,69,53
10/17/16,0,0,0,81,63
10/18/16,0,0,0,81,67
10/19/16,0,0,0,85,65
10/20/16,0,0,0,70,62
10/21/16,1.11,0,0,69,57
10/22/16,0.29,0,0,57,47
10/23/16,0,0,0,61,45
10/24/16,0,0,0,62,47
10/25/16,0,0,0,52,43
10/26/16,0,0,0,51,38
10/27/16,1.41,0,0,55,40
10/28/16,0,0,0,51,42
10/29/16,0,0,0,64,39
10/30/16,0.56,0,0,76,54
10/31/16,0,0,0,54,44
11/1/16,0,0,0,58,40
11/2/16,0,0,0,70,54
11/3/16,0,0,0,72,57
11/4/16,0,0,0,61,47
11/5/16,0,0,0,62,44
11/6/16,0,0,0,59,45
11/7/16,0,0,0,53,41
11/8/16,0,0,0,66,41
11/9/16,0.06,0,0,59,49
11/10/16,0,0,0,56,40
11/11/16,0,0,0,63,41
11/12/16,0,0,0,50,37
11/13/16,0,0,0,61,41
11/14/16,0,0,0,62,46
11/15/16,1.81,0,0,56,47
11/16/16,0,0,0,61,45
11/17/16,0,0,0,61,49
11/18/16,0,0,0,64,44
11/19/16,0.25,0,0,63,37
11/20/16,0.31,0,0,42,34
11/21/16,0,0,0,41,36
11/22/16,0,0,0,41,37
11/23/16,0,0,0,45,35
11/24/16,0.03,0,0,48,38
11/25/16,0.02,0,0,54,45
11/26/16,0,0,0,50,40
11/27/16,0,0,0,50,39
11/28/16,0,0,0,52,38
11/29/16,2.2,0,0,60,51
11/30/16,0.73,0,0,58,50
12/1/16,0.07,0,0,54,42
12/2/16,0,0,0,51,40
12/3/16,0,0,0,47,41
12/4/16,0,0,0,47,39
12/5/16,0.19,0,0,49,38
12/6/16,0.35,0,0,46,37
12/7/16,0.09,0,0,46,40
12/8/16,0,0,0,45,35
12/9/16,0,0,0,39,29
12/10/16,0,0,0,35,28
12/11/16,0.03,0.4,0,35,28
12/12/16,0.5,0,0,46,34
12/13/16,0,0,0,43,35
12/14/16,0,0,0,42,34
12/15/16,0,0,0,34,19
12/16/16,0,0,0,27,17
12/17/16,0.73,2.8,2,39,24
12/18/16,0.04,0,1.2,58,31
12/19/16,0,0,0,31,23
12/20/16,0,0,0,33,20
12/21/16,0,0,0,40,30
12/22/16,0,0,0,49,37
12/23/16,0,0,0,47,38
12/24/16,0.47,0,0,47,38
12/25/16,0,0,0,50,36
12/26/16,0.02,0,0,50,33
12/27/16,0,0,0,60,40
12/28/16,0,0,0,40,34
12/29/16,0.39,0,0,46,33
12/30/16,0.01,0,0,40,33
12/31/16,0,0,0,44,31
1/1/17,0,0,0,48,40
1/2/17,0.21,0,0,41,37
1/3/17,0.58,0,0,43,39
1/4/17,0,0,0,52,34
1/5/17,0,0,0,34,27
1/6/17,0.05,1.2,1.2,33,25
1/7/17,0.32,5.1,0,26,20
1/8/17,0,0,3.9,25,16
1/9/17,0,0,3.1,23,14
1/10/17,0,0,3.1,46,21
1/11/17,0.52,0,0,52,42
1/12/17,0.05,0,0,66,47
1/13/17,0,0,0,62,32
1/14/17,0.12,0.6,0,34,28
1/15/17,0,0,1.2,38,30
1/16/17,0,0,0,43,30
1/17/17,0.35,0,0,42,38
1/18/17,0.06,0,0,41,38
1/19/17,0,0,0,49,39
1/20/17,0.1,0,0,45,40
1/21/17,0,0,0,49,41
1/22/17,0.05,0,0,48,43
1/23/17,1.16,0,0,44,36
1/24/17,1.18,0,0,38,35
1/25/17,0,0,0,51,36
1/26/17,0.02,0,0,56,43
1/27/17,0,0,0,43,36
1/28/17,0,0,0,39,34
1/29/17,0,0,0,43,35
1/30/17,0,0,0,37,30
1/31/17,0.06,1,0,34,26
2/1/17,0,0,0,47,33
2/2/17,0,0,0,45,32
2/3/17,0,0,0,33,26
2/4/17,0,0,0,34,22
2/5/17,0,0,0,43,31
2/6/17,0,0,0,49,36
2/7/17,0.27,0,0,42,36
2/8/17,0.03,0,0,62,38
2/9/17,1.16,9.4,2,44,19
2/10/17,0,0,7.9,32,19
2/11/17,0,0,5.1,48,30
2/12/17,0.46,0,2,40,30
2/13/17,0.02,0,2,39,31
2/14/17,0,0,2,41,28
2/15/17,0,0,0,47,35
2/16/17,0,0,0,35,28
2/17/17,0,0,0,41,26
2/18/17,0,0,0,63,35
2/19/17,0,0,0,65,53
2/20/17,0,0,0,55,39
2/21/17,0,0,0,47,34
2/22/17,0,0,0,57,42
2/23/17,0,0,0,65,44
2/24/17,0,0,0,70,58
2/25/17,0.54,0,0,63,44
2/26/17,0,0,0,44,36
2/27/17,0,0,0,54,35
2/28/17,0,0,0,59,47
3/1/17,0.12,0,0,70,54
3/2/17,0,0,0,64,35
3/3/17,0,0,0,39,24
3/4/17,0,0,0,30,17
3/5/17,0,0,0,37,14
3/6/17,0,0,0,45,26
3/7/17,0.1,0,0,56,42
3/8/17,0.02,0,0,59,47
3/9/17,0,0,0,61,47
3/10/17,0.31,2.1,0,47,23
3/11/17,0,0,1.2,29,17
3/12/17,0,0,0,29,19
3/13/17,0,0,0,36,20
3/14/17,1.97,7.6,3.9,32,21
3/15/17,0,0,5.9,26,20
3/16/17,0,0,5.1,39,24
3/17/17,0,0,3.9,47,29
3/18/17,0.08,0,3.1,39,34
3/19/17,0,0,3.1,47,34
3/20/17,0,0,0,52,33
3/21/17,0,0,0,59,42
3/22/17,0,0,0,50,24
3/23/17,0,0,0,42,23
3/24/17,0,0,0,57,36
3/25/17,0.01,0,0,62,42
3/26/17,0.14,0,0,42,37
3/27/17,0.26,0,0,53,37
3/28/17,0.72,0,0,46,41
3/29/17,0,0,0,60,42
3/30/17,0.01,0,0,52,38
3/31/17,1.51,0,0,43,37
4/1/17,0,0,0,48,37
4/2/17,0,0,0,63,40
4/3/17,0.03,0,0,63,48
4/4/17,1.18,0,0,51,45
4/5/17,0,0,0,65,45
4/6/17,0.73,0,0,53,40
4/7/17,0,0,0,51,40
4/8/17,0,0,0,57,40
4/9/17,0,0,0,67,45
4/10/17,0,0,0,74,53
4/11/17,0,0,0,80,61
4/12/17,0.02,0,0,76,58
4/13/17,0,0,0,65,48
4/14/17,0,0,0,66,48
4/15/17,0,0,0,65,51
4/16/17,0,0,0,87,59
4/17/17,0,0,0,74,58
4/18/17,0,0,0,65,47
4/19/17,0,0,0,54,45
4/20/17,0.17,0,0,66,50
4/21/17,0.29,0,0,53,48
4/22/17,0.11,0,0,57,49
4/23/17,0,0,0,66,46
4/24/17,0,0,0,60,48
4/25/17,0.91,0,0,54,49
4/26/17,0.34,0,0,60,53
4/27/17,0,0,0,70,57
4/28/17,0,0,0,85,58
4/29/17,0.06,0,0,85,64
4/30/17,0,0,0,67,52
5/1/17,0,0,0,74,49
5/2/17,0,0,0,75,62
5/3/17,0,0,0,65,51
5/4/17,0,0,0,64,47
5/5/17,3.02,0,0,59,51
5/6/17,0.18,0,0,67,52
5/7/17,0.01,0,0,56,47
5/8/17,0,0,0,57,44
5/9/17,0,0,0,63,47
5/10/17,0,0,0,63,49
5/11/17,0,0,0,62,51
5/12/17,0,0,0,65,48
5/13/17,1.61,0,0,53,45
5/14/17,0.02,0,0,67,46
5/15/17,0,0,0,68,53
5/16/17,0,0,0,79,56
5/17/17,0,0,0,90,65
5/18/17,0,0,0,92,75
5/19/17,0,0,0,91,66
5/20/17,0.01,0,0,65,55
5/21/17,0,0,0,69,52
5/22/17,0.59,0,0,61,53
5/23/17,0,0,0,69,56
5/24/17,0.04,0,0,69,56
5/25/17,0.58,0,0,59,56
5/26/17,0.1,0,0,73,56
5/27/17,0,0,0,71,59
5/28/17,0,0,0,71,58
5/29/17,0.13,0,0,61,56
5/30/17,0.06,0,0,60,55
5/31/17,0.03,0,0,75,58
6/1/17,0,0,0,79,59
6/2/17,0.01,0,0,76,57
6/3/17,0.01,0,0,73,55
6/4/17,0.09,0,0,70,56
6/5/17,0.02,0,0,67,58
6/6/17,0.06,0,0,58,52
6/7/17,0,0,0,67,51
6/8/17,0,0,0,69,55
6/9/17,0,0,0,80,53
6/10/17,0,0,0,85,66
6/11/17,0,0,0,90,72
6/12/17,0,0,0,93,76
6/13/17,0,0,0,94,77
6/14/17,0.29,0,0,84,69
6/15/17,0,0,0,76,64
6/16/17,0,0,0,68,63
6/17/17,1.39,0,0,74,66
6/18/17,0,0,0,85,70
6/19/17,1.35,0,0,88,70
6/20/17,0.03,0,0,83,71
6/21/17,0,0,0,83,71
6/22/17,0,0,0,83,68
6/23/17,0.04,0,0,83,76
6/24/17,1.29,0,0,84,71
6/25/17,0,0,0,83,68
6/26/17,0,0,0,79,64
6/27/17,0.18,0,0,77,60
6/28/17,0,0,0,78,61
6/29/17,0,0,0,82,68
6/30/17,0,0,0,88,73
7/1/17,0.23,0,0,85,71
7/2/17,0,0,0,87,72
7/3/17,0.45,0,0,88,71
7/4/17,0,0,0,85,70
7/5/17,0,0,0,85,70
7/6/17,0,0,0,77,71
7/7/17,1.78,0,0,80,68
7/8/17,0,0,0,84,69
7/9/17,0,0,0,81,67
7/10/17,0,0,0,84,68
7/11/17,0,0,0,85,75
7/12/17,0,0,0,88,77
7/13/17,0,0,0,90,73
7/14/17,0.35,0,0,73,65
7/15/17,0,0,0,84,68
7/16/17,0,0,0,87,68
7/17/17,0,0,0,85,73
7/18/17,0,0,0,88,73
7/19/17,0,0,0,92,77
7/20/17,0.01,0,0,94,77
7/21/17,0,0,0,92,76
7/22/17,0.57,0,0,92,71
7/23/17,0.06,0,0,79,71
7/24/17,0.74,0,0,73,63
7/25/17,0,0,0,71,62
7/26/17,0,0,0,77,65
7/27/17,0,0,0,78,65
7/28/17,0,0,0,85,71
7/29/17,0,0,0,77,67
7/30/17,0,0,0,82,64
7/31/17,0,0,0,88,66
8/1/17,0,0,0,92,71
8/2/17,0.09,0,0,86,69
8/3/17,0,0,0,87,68
8/4/17,0.15,0,0,84,69
8/5/17,0.3,0,0,78,69
8/6/17,0,0,0,76,64
8/7/17,0.76,0,0,71,64
8/8/17,0,0,0,78,65
8/9/17,0,0,0,85,64
8/10/17,0,0,0,83,68
8/11/17,0,0,0,82,69
8/12/17,0.11,0,0,77,64
8/13/17,0,0,0,83,71
8/14/17,0,0,0,80,70
8/15/17,0.45,0,0,74,68
8/16/17,0,0,0,87,70
8/17/17,0,0,0,83,69
8/18/17,0.88,0,0,82,73
8/19/17,0,0,0,86,73
8/20/17,0,0,0,81,69
8/21/17,0,0,0,87,71
8/22/17,0.3,0,0,89,72
8/23/17,0,0,0,81,70
8/24/17,0,0,0,80,65
8/25/17,0,0,0,78,63
8/26/17,0,0,0,78,62
8/27/17,0,0,0,78,63
8/28/17,0,0,0,76,63
8/29/17,0.29,0,0,68,61
8/30/17,0.01,0,0,78,60
8/31/17,0,0,0,81,64
9/1/17,0,0,0,71,55
9/2/17,0.53,0,0,68,54
9/3/17,0.74,0,0,69,59
9/4/17,0,0,0,80,61
9/5/17,0,0,0,85,69
9/6/17,0.42,0,0,72,61
9/7/17,0.01,0,0,71,59
9/8/17,0,0,0,71,58
9/9/17,0,0,0,70,55
9/10/17,0,0,0,72,57
9/11/17,0,0,0,76,55
9/12/17,0,0,0,78,59
9/13/17,0.06,0,0,83,64
9/14/17,0.02,0,0,81,70
9/15/17,0,0,0,81,67
9/16/17,0,0,0,82,70
9/17/17,0,0,0,81,68
9/18/17,0,0,0,73,68
9/19/17,0.22,0,0,78,69
9/20/17,0,0,0,79,71
9/21/17,0,0,0,80,71
9/22/17,0,0,0,82,66
9/23/17,0,0,0,87,68
9/24/17,0,0,0,91,69
9/25/17,0,0,0,88,70
9/26/17,0,0,0,84,68
9/27/17,0,0,0,87,69
9/28/17,0,0,0,79,59
9/29/17,0,0,0,68,55
9/30/17,0,0,0,66,54
10/1/17,0,0,0,68,50
10/2/17,0,0,0,73,52
10/3/17,0,0,0,71,57
10/4/17,0,0,0,75,56
10/5/17,0,0,0,83,65
10/6/17,0,0,0,82,68
10/7/17,0,0,0,81,66
10/8/17,0.22,0,0,77,72
10/9/17,0.26,0,0,77,71
10/10/17,0,0,0,81,66
10/11/17,0.06,0,0,77,60
10/12/17,0.07,0,0,64,55
10/13/17,0,0,0,67,52
10/14/17,0.08,0,0,72,61
10/15/17,0,0,0,74,65
10/16/17,0.01,0,0,69,46
10/17/17,0,0,0,58,42
10/18/17,0,0,0,72,50
10/19/17,0,0,0,71,56
10/20/17,0,0,0,73,57
10/21/17,0,0,0,78,56
10/22/17,0,0,0,76,57
10/23/17,0,0,0,74,61
10/24/17,0.2,0,0,74,67
10/25/17,0,0,0,67,57
10/26/17,0,0,0,58,50
10/27/17,0,0,0,62,47
10/28/17,0,0,0,69,55
10/29/17,3.03,0,0,67,60
10/30/17,0.25,0,0,61,46
10/31/17,0,0,0,57,45
11/1/17,0,0,0,59,43
11/2/17,0,0,0,72,58
11/3/17,0,0,0,74,51
11/4/17,0,0,0,56,46
11/5/17,0.02,0,0,61,51
11/6/17,0.01,0,0,66,46
11/7/17,0.7,0,0,49,40
11/8/17,0,0,0,49,39
11/9/17,0,0,0,55,39
11/10/17,0.01,0,0,51,25
11/11/17,0,0,0,38,24
11/12/17,0,0,0,46,32
11/13/17,0.07,0,0,47,39
11/14/17,0,0,0,48,35
11/15/17,0,0,0,51,37
11/16/17,0.2,0,0,57,43
11/17/17,0,0,0,47,37
11/18/17,0.1,0,0,56,34
11/19/17,0.23,0,0,59,38
11/20/17,0,0,0,47,36
11/21/17,0,0,0,58,42
11/22/17,0.21,0,0,56,35
11/23/17,0,0,0,43,31
11/24/17,0,0,0,50,35
11/25/17,0,0,0,57,43
11/26/17,0,0,0,51,40
11/27/17,0,0,0,51,39
11/28/17,0,0,0,54,36
11/29/17,0,0,0,63,42
11/30/17,0.03,0,0,53,38
12/1/17,0,0,0,52,42
12/2/17,0,0,0,48,39
12/3/17,0,0,0,48,42
12/4/17,0,0,0,51,40
12/5/17,0.75,0,0,61,50
12/6/17,0,0,0,59,40
12/7/17,0,0,0,44,37
12/8/17,0,0,0,39,34
12/9/17,0.46,4.6,0,35,30
12/10/17,0,0,3.9,39,29
12/11/17,0,0,2,41,33
12/12/17,0,0,0,50,29
12/13/17,0,0,0,31,20
12/14/17,0.09,1.2,1.2,32,22
12/15/17,0.11,1.2,1.2,28,20
12/16/17,0,0,2,39,23
12/17/17,0,0,1.2,38,32
12/18/17,0.02,0,0,47,34
12/19/17,0,0,0,55,45
12/20/17,0,0,0,51,34
12/21/17,0,0,0,39,32
12/22/17,0,0,0,50,35
12/23/17,0.49,0,0,48,38
12/24/17,0.01,0,0,41,36
12/25/17,0.23,0,0,38,28
12/26/17,0,0,0,28,23
12/27/17,0,0,0,24,17
12/28/17,0,0,0,18,11
12/29/17,0,0,0,22,11
12/30/17,0.05,0.7,0,23,17
12/31/17,0,0,0,21,9
1/1/18,0,0,0,19,7
1/2/18,0,0,0,26,13
1/3/18,0,0,0,30,16
1/4/18,0.76,9.8,1.2,29,19
1/5/18,0,0,7.1,19,9
1/6/18,0,0,5.9,13,6
1/7/18,0,0,5.9,18,5
1/8/18,0.01,0,5.1,31,17
1/9/18,0,0,5.1,44,30
1/10/18,0,0,3.9,43,30
1/11/18,0,0,3.1,53,41
1/12/18,0.54,0,0,61,44
1/13/18,0.05,0,0,58,19
1/14/18,0,0,0,25,15
1/15/18,0,0,0,30,16
1/16/18,0,0,0,36,25
1/17/18,0.19,0.4,0,36,22
1/18/18,0,0,0,32,18
1/19/18,0,0,0,41,24
1/20/18,0,0,0,52,38
1/21/18,0,0,0,50,42
1/22/18,0.01,0,0,49,38
1/23/18,0.3,0,0,60,38
1/24/18,0,0,0,44,27
1/25/18,0,0,0,34,23
1/26/18,0,0,0,38,26
1/27/18,0,0,0,56,35
1/28/18,0.21,0,0,55,46
1/29/18,0,0.1,0,47,35
1/30/18,0.11,0.9,0,36,24
1/31/18,0,0,0,33,18
2/1/18,0.05,0,0,45,32
2/2/18,0.18,0,0,41,17
2/3/18,0,0,0,31,16
2/4/18,0.96,0,0,46,30
2/5/18,0,0,0,40,26
2/6/18,0,0,0,37,26
2/7/18,0.85,0.5,0,45,30
2/8/18,0,0,0,33,25
2/9/18,0,0,0,39,26
2/10/18,0.58,0,0,50,39
2/11/18,1.21,0,0,62,45
2/12/18,0,0,0,62,32
2/13/18,0,0,0,38,26
2/14/18,0.08,0,0,53,35
2/15/18,0.16,0,0,62,46
2/16/18,0.09,0,0,58,36
2/17/18,0.52,4.4,0,40,28
2/18/18,0.01,0,3.1,44,33
2/19/18,0.04,0,0,49,36
2/20/18,0,0,0,67,47
2/21/18,0.06,0,0,78,55
2/22/18,0.17,0,0,59,37
2/23/18,0.06,0,0,42,36
2/24/18,0.08,0,0,55,42
2/25/18,0.73,0,0,44,40
2/26/18,0,0,0,52,43
2/27/18,0,0,0,56,39
2/28/18,0,0,0,61,42
3/1/18,0.38,0,0,60,44
3/2/18,1.86,0,0,44,34
3/3/18,0,0,0,49,36
3/4/18,0,0,0,44,34
3/5/18,0,0,0,43,33
3/6/18,0,0,0,47,32
3/7/18,1.41,3.2,0,39,33
3/8/18,0,0,3.1,39,33
3/9/18,0,0,2,42,30
3/10/18,0,0,0,40,31
3/11/18,0,0,0,45,32
3/12/18,0.08,0,0,43,32
3/13/18,0.28,0,0,40,33
3/14/18,0.01,0,0,41,31
3/15/18,0,0,0,48,32
3/16/18,0,0,0,40,30
3/17/18,0,0,0,48,27
3/18/18,0,0,0,43,28
3/19/18,0,0,0,47,33
3/20/18,0,0,0,39,30
3/21/18,0.99,8.2,0,39,31
3/22/18,0.06,0.2,7.9,50,32
3/23/18,0,0,1.2,49,35
3/24/18,0,0,0,51,35
3/25/18,0,0,0,45,33
3/26/18,0,0,0,50,34
3/27/18,0.01,0,0,47,34
3/28/18,0.03,0,0,52,38
3/29/18,0.03,0,0,53,49
3/30/18,0.03,0,0,62,44
3/31/18,0,0,0,58,39
4/1/18,0,0,0,60,43
4/2/18,0.59,5.5,5.1,43,33
4/3/18,0.26,0,0,43,39
4/4/18,0.04,0,0,56,40
4/5/18,0,0,0,45,34
4/6/18,0.11,0,0,62,37
4/7/18,0,0,0,49,37
4/8/18,0,0,0,46,32
4/9/18,0,0,0,49,32
4/10/18,0.01,0,0,51,38
4/11/18,0,0,0,51,37
4/12/18,0,0,0,63,46
4/13/18,0,0,0,82,60
4/14/18,0,0,0,77,44
4/15/18,0.47,0,0,44,38
4/16/18,2.82,0,0,60,39
4/17/18,0,0,0,47,39
4/18/18,0,0,0,55,37
4/19/18,0.15,0,0,49,38
4/20/18,0,0,0,50,37
4/21/18,0,0,0,63,39
4/22/18,0,0,0,67,44
4/23/18,0,0,0,68,46
4/24/18,0.05,0,0,66,46
4/25/18,0.95,0,0,60,52
4/26/18,0.1,0,0,70,55
4/27/18,0.05,0,0,59,51
4/28/18,0.1,0,0,68,50
4/29/18,0.08,0,0,59,47
4/30/18,0,0,0,51,44
5/1/18,0,0,0,80,48
5/2/18,0,0,0,90,65
5/3/18,0.02,0,0,92,70
5/4/18,0,0,0,84,72
5/5/18,0,0,0,76,61
5/6/18,0,0,0,66,56
5/7/18,0,0,0,77,54
5/8/18,0,0,0,74,53
5/9/18,0,0,0,77,54
5/10/18,0.25,0,0,66,54
5/11/18,0,0,0,73,60
5/12/18,0.22,0,0,63,51
5/13/18,0.1,0,0,54,52
5/14/18,0.03,0,0,71,52
5/15/18,0.58,0,0,88,61
5/16/18,0.34,0,0,64,56
5/17/18,0.22,0,0,71,56
5/18/18,0,0,0,67,56
5/19/18,0.65,0,0,56,49
5/20/18,0,0,0,81,56
5/21/18,0,0,0,79,58
5/22/18,0.29,0,0,68,55
5/23/18,0.29,0,0,81,59
5/24/18,0,0,0,83,63
5/25/18,0,0,0,86,65
5/26/18,0,0,0,89,72
5/27/18,0.44,0,0,80,56
5/28/18,0,0,0,69,56
5/29/18,0,0,0,89,63
5/30/18,0,0,0,78,61
5/31/18,0.1,0,0,68,63
6/1/18,0.27,0,0,81,65
6/2/18,0.08,0,0,87,66
6/3/18,0.25,0,0,66,51
6/4/18,0.16,0,0,71,51
6/5/18,0,0,0,75,58
6/6/18,0,0,0,71,58
6/7/18,0,0,0,71,60
6/8/18,0,0,0,82,60
6/9/18,0,0,0,83,67
6/10/18,0.01,0,0,73,58
6/11/18,0,0,0,73,58
6/12/18,0,0,0,75,57
6/13/18,0.04,0,0,78,63
6/14/18,0,0,0,84,67
6/15/18,0,0,0,76,63
6/16/18,0,0,0,85,64
6/17/18,0,0,0,91,66
6/18/18,0.08,0,0,91,73
6/19/18,0.07,0,0,88,75
6/20/18,0.09,0,0,83,69
6/21/18,0.59,0,0,83,65
6/22/18,0.1,0,0,75,62
6/23/18,0,0,0,66,62
6/24/18,0,0,0,84,66
6/25/18,0,0,0,81,67
6/26/18,0,0,0,78,61
6/27/18,0.01,0,0,73,66
6/28/18,1.36,0,0,83,70
6/29/18,0,0,0,89,70
6/30/18,0,0,0,93,72
7/1/18,0,0,0,96,79
7/2/18,0,0,0,95,79
7/3/18,0.01,0,0,92,77
7/4/18,0,0,0,86,77
7/5/18,0,0,0,90,76
7/6/18,0.23,0,0,80,69
7/7/18,0,0,0,78,62
7/8/18,0,0,0,84,62
7/9/18,0,0,0,87,67
7/10/18,0,0,0,93,72
7/11/18,0,0,0,88,74
7/12/18,0.71,0,0,84,64
7/13/18,0,0,0,84,68
7/14/18,0.36,0,0,88,70
7/15/18,0.64,0,0,83,69
7/16/18,0,0,0,90,75
7/17/18,2.24,0,0,88,70
7/18/18,0,0,0,85,66
7/19/18,0,0,0,83,66
7/20/18,0,0,0,82,69
7/21/18,0.63,0,0,79,65
7/22/18,1.06,0,0,79,70
7/23/18,0.17,0,0,80,73
7/24/18,0.02,0,0,82,75
7/25/18,0.73,0,0,77,72
7/26/18,0.03,0,0,85,72
7/27/18,0.25,0,0,86,68
7/28/18,0,0,0,85,70
7/29/18,0,0,0,82,70
7/30/18,0.37,0,0,78,68
7/31/18,0,0,0,82,68
8/1/18,0.1,0,0,84,74
8/2/18,0.51,0,0,86,76
8/3/18,0.24,0,0,85,73
8/4/18,0.74,0,0,84,72
8/5/18,0,0,0,91,73
8/6/18,0,0,0,92,77
8/7/18,0.05,0,0,90,74
8/8/18,0,0,0,90,76
8/9/18,0.61,0,0,86,73
8/10/18,0,0,0,86,72
8/11/18,2.9,0,0,80,70
8/12/18,0,0,0,84,72
8/13/18,0.66,0,0,75,71
8/14/18,0.79,0,0,82,71
8/15/18,0,0,0,86,70
8/16/18,0,0,0,88,76
8/17/18,1.04,0,0,87,72
8/18/18,0.07,0,0,85,71
8/19/18,0.02,0,0,72,67
8/20/18,0,0,0,74,67
8/21/18,0.11,0,0,79,66
8/22/18,0.72,0,0,82,71
8/23/18,0,0,0,77,65
8/24/18,0,0,0,82,65
8/25/18,0,0,0,80,68
8/26/18,0,0,0,83,69
8/27/18,0,0,0,88,74
8/28/18,0,0,0,94,79
8/29/18,0,0,0,92,81
8/30/18,0,0,0,90,78
8/31/18,0.03,0,0,78,69
9/1/18,0,0,0,78,69
9/2/18,0,0,0,81,68
9/3/18,0,0,0,90,75
9/4/18,0,0,0,92,77
9/5/18,0,0,0,89,77
9/6/18,0.36,0,0,93,73
9/7/18,0,0,0,75,69
9/8/18,0.02,0,0,71,61
9/9/18,0.45,0,0,62,55
9/10/18,0.93,0,0,64,54
9/11/18,0.02,0,0,74,62
9/12/18,0.15,0,0,77,71
9/13/18,0.13,0,0,76,69
9/14/18,0,0,0,75,68
9/15/18,0,0,0,80,67
9/16/18,0,0,0,84,67
9/17/18,0.01,0,0,79,68
9/18/18,1.19,0,0,79,70
9/19/18,0,0,0,81,68
9/20/18,0,0,0,72,65
9/21/18,0,0,0,72,67
9/22/18,0,0,0,74,62
9/23/18,0,0,0,66,60
9/24/18,0,0,0,69,57
9/25/18,1.95,0,0,73,59
9/26/18,0.21,0,0,82,69
9/27/18,0,0,0,72,61
9/28/18,0.77,0,0,65,56
9/29/18,0,0,0,72,58
9/30/18,0,0,0,70,54
10/1/18,0,0,0,76,63
10/2/18,0.69,0,0,77,65
10/3/18,0,0,0,74,63
10/4/18,0.04,0,0,76,61
10/5/18,0,0,0,71,60
10/6/18,0,0,0,68,63
10/7/18,0,0,0,79,67
10/8/18,0,0,0,74,64
10/9/18,0,0,0,77,66
10/10/18,0,0,0,80,71
10/11/18,0.84,0,0,77,69
10/12/18,0.43,0,0,68,51
10/13/18,0.1,0,0,55,46
10/14/18,0,0,0,58,47
10/15/18,0.05,0,0,68,52
10/16/18,0.01,0,0,60,47
10/17/18,0,0,0,61,46
10/18/18,0,0,0,50,42
10/19/18,0,0,0,60,43
10/20/18,0.06,0,0,62,51
10/21/18,0,0,0,51,39
10/22/18,0,0,0,50,39
10/23/18,0,0,0,63,49
10/24/18,0,0,0,54,44
10/25/18,0,0,0,51,40
10/26/18,0,0,0,50,38
10/27/18,1.27,0,0,51,44
10/28/18,0.07,0,0,52,45
10/29/18,0.03,0,0,56,47
10/30/18,0,0,0,55,42
10/31/18,0,0,0,64,44
11/1/18,0,0,0,70,57
11/2/18,0.22,0,0,72,64
11/3/18,0.37,0,0,65,48
11/4/18,0,0,0,55,43
11/5/18,0.3,0,0,53,48
11/6/18,0.68,0,0,59,49
11/7/18,0,0,0,62,51
11/8/18,0,0,0,56,45
11/9/18,0.77,0,0,52,40
11/10/18,0.03,0,0,50,34
11/11/18,0,0,0,46,33
11/12/18,0.04,0,0,49,37
11/13/18,1.06,0,0,50,43
11/14/18,0,0,0,43,32
11/15/18,1.16,6.4,0,40,28
11/16/18,0.31,0,3.9,45,34
11/17/18,0,0,2,47,37
11/18/18,0,0,0,44,39
11/19/18,0,0,0,50,41
11/20/18,0,0,0,47,39
11/21/18,0,0,0,44,27
11/22/18,0,0,0,28,17
11/23/18,0,0,0,32,15
11/24/18,0.97,0,0,49,31
11/25/18,0.81,0,0,55,45
11/26/18,0.85,0,0,53,45
11/27/18,0.03,0,0,45,37
11/28/18,0,0,0,42,36
11/29/18,0,0,0,46,38
11/30/18,0.02,0,0,43,38
12/1/18,0.05,0,0,46,36
12/2/18,0.59,0,0,56,42
12/3/18,0,0,0,55,46
12/4/18,0,0,0,46,31
12/5/18,0,0,0,37,28
12/6/18,0,0,0,40,30
12/7/18,0,0,0,39,28
12/8/18,0,0,0,36,24
12/9/18,0,0,0,36,28
12/10/18,0,0,0,39,29
12/11/18,0,0,0,41,29
12/12/18,0,0,0,41,33
12/13/18,0.03,0,0,40,33
12/14/18,0.1,0,0,51,40
12/15/18,0.14,0,0,52,46
12/16/18,1.43,0,0,46,35
12/17/18,0.03,0,0,46,37
12/18/18,0,0,0,40,28
12/19/18,0,0,0,42,26
12/20/18,0.22,0,0,47,37
12/21/18,1.61,0,0,61,47
12/22/18,0.02,0,0,54,40
12/23/18,0,0,0,43,36
12/24/18,0.12,0,0,43,36
12/25/18,0,0,0,40,33
12/26/18,0,0,0,43,32
12/27/18,0,0,0,44,37
12/28/18,1.15,0,0,60,43
12/29/18,0,0,0,57,39
12/30/18,0,0,0,40,33
12/31/18,1.02,0,0,48,36