prob_q5_q1,i_urban,share_black,share_middleclass,share_divorced,share_married
0.0620937,1,0.0208408,0.54796,0.1101729,0.6008929
0.0536519,1,0.0197791,0.5375,0.1159584,0.6133591
0.0730748,0,0.0146459,0.46685,0.1134514,0.5902804
0.056292,1,0.0563648,0.5041,0.1142778,0.57515
0.0446207,1,0.173531,0.49991,0.0923505,0.5858972
0.05192,0,0.2238095,0.53839,0.09564,0.5795217
0.0474525,1,0.2175593,0.51009,0.0955472,0.5601948
0.0515173,0,0.0319277,0.56018,0.0873082,0.6322625
0.080819,0,0.0289597,0.60842,0.0894558,0.6222348
0.0432753,1,0.2074983,0.5285,0.0986878,0.5613106
0.0515273,1,0.1377782,0.54393,0.0941167,0.5961478
0.0437302,1,0.2273302,0.47738,0.0877553,0.5633191
0.0571973,0,0.0218586,0.53016,0.089769,0.5265593
0.0548753,1,0.0473598,0.60328,0.09613,0.6070437
0.0449885,1,0.0908667,0.56804,0.094703,0.6008016
0.0553846,0,0.0104991,0.56475,0.1033285,0.6243335
0.0606061,0,0.0143486,0.52059,0.0990897,0.5818828
0.063214,1,0.0503331,0.54513,0.0992644,0.5915921
0.0803324,0,0.0093497,0.51937,0.0885637,0.6476094
0.0293852,0,0.3995614,0.43947,0.0912358,0.5186066
0.0356782,1,0.3407701,0.42169,0.0951241,0.5294711
0.0383134,1,0.2985355,0.49408,0.0922889,0.5447665
0.0417915,1,0.2103861,0.46309,0.0956688,0.5561864
0.0321322,1,0.4158873,0.44348,0.0871221,0.5245023
0.0499833,1,0.2301592,0.44848,0.0852488,0.5443147
0.0341975,0,0.4993167,0.40035,0.0861958,0.5241402
0.0455741,1,0.3110135,0.50059,0.0843854,0.554769
0.0470024,1,0.2561123,0.51684,0.084307000000000007,0.5440954
0.0536003,1,0.3082009,0.52275,0.0942796,0.5268694
0.0501139,0,0.287636,0.46068,0.0847197,0.5704187
0.0490633,0,0.3982646,0.50724,0.0858312,0.5344166
0.0670655,1,0.1807004,0.54407,0.0889918,0.5710733
0.0547567,1,0.3025393,0.46305,0.0976358,0.5326548
0.0512625,1,0.315797,0.52066,0.09101,0.5528399
0.0329739,0,0.5668333,0.40916,0.0843223,0.4942441
0.0671263,1,0.1821642,0.51798,0.1206366,0.54925
0.0689462,0,0.3181445,0.45074,0.0984317,0.54711
0.0607457,1,0.2976568,0.44136,0.0985023,0.5124754
0.0359066,0,0.5979162,0.32544,0.0827307,0.4610303
0.0247895,1,0.5851607,0.29639,0.0789261,0.4042983
0.037544,1,0.4445331,0.42467,0.1036639,0.4946284
0.0623068,0,0.4430706,0.38559,0.0944205,0.5147493
0.0642077,0,0.3024298,0.46301,0.0880605,0.5702726
0.1276865,0,0.1854615,0.50294,0.0795753,0.599737
0.0490473,0,0.4635694,0.3954,0.1062822,0.48759980000000003
0.0311578,0,0.5634955,0.39128,0.0906464,0.4567618
0.0511894,1,0.3708242,0.42313,0.1120383,0.4747154
0.1133758,1,0.1991856,0.52607,0.0906544,0.5580666
0.0604061,1,0.3326568,0.44281,0.0970431,0.5132786
0.0672466,1,0.2824583,0.44906,0.0980189,0.5300738
0.0972389,1,0.2051256,0.51652,0.0977912,0.571886
0.0951192,1,0.2701777,0.47039,0.0969556,0.5378538
0.0550701,1,0.3367011,0.41372,0.0942689,0.5268891
0.0573066,0,0.3962273,0.34833,0.0760517,0.5410939
0.0594872,0,0.3603712,0.46933,0.0923683,0.524151
0.0526559,1,0.3812555,0.44558,0.1103806,0.5011706
0.0683292,0,0.3545989,0.4662,0.0802088,0.4874004
0.1513761,0,0.1676968,0.50916,0.0897632,0.5944831
0.0400616,0,0.268743,0.49639,0.0969298,0.5899284
0.0428298,1,0.4208908,0.4442,0.1067655,0.5210192
0.0563107,0,0.3436384,0.49518,0.1063052,0.55464310000000006
0.0534808,1,0.2067547,0.5049,0.1195451,0.5625128
0.0532095,0,0.2489024,0.47431,0.1109959,0.5679548
0.0895457,0,0.0876765,0.51408,0.1053368,0.6151684
0.0636387,0,0.0128268,0.47547,0.1065301,0.6090464
0.0591133,0,0.0273964,0.50869,0.10738,0.5554757
0.0689198,0,0.0197847,0.45629,0.112458,0.5880772
0.13058,0,0.0136534,0.50149,0.1016768,0.5893362
0.0713542,0,0.0242777,0.52428,0.1102533,0.6051068
0.0629283,0,0.0082593,0.48002,0.1068513,0.6117109
0.0333914,0,0.5271481,0.37759,0.0867656,0.4684726
0.0271224,0,0.479377,0.37292,0.0832921,0.4494367
0.0221016,0,0.6583261,0.31364,0.0830527,0.4023101
0.0472382,1,0.2735686,0.52575,0.1126524,0.539585
0.0436006,0,0.287699,0.50778,0.1207527,0.5326793
0.0805369,0,0.0572587,0.61586,0.1208604,0.6113293
0.0435908,0,0.2405877,0.51719,0.1079292,0.5685366
0.0654429,0,0.0785048,0.5455,0.1132088,0.5988222
0.0537445,1,0.1846202,0.55686,0.0921451,0.5995329
0.0282206,1,0.4319281,0.4489,0.1064513,0.4917489
0.0321843,1,0.4709757,0.3856,0.0973604,0.5131308
0.0638532,1,0.0718668,0.55129,0.1054473,0.5740826
0.0617589,0,0.0373942,0.52246,0.1080988,0.6143836
0.0574351,1,0.103643,0.54349,0.1126349,0.5905232
0.057249,1,0.1527258,0.50619,0.1146248,0.5490999
0.0609923,0,0.0546742,0.5525,0.1031211,0.6077174
0.0718856,1,0.0624765,0.55928,0.1160912,0.6083897
0.0597247,1,0.1788946,0.60451,0.1010347,0.6082392
0.0565874,1,0.1743591,0.48205,0.1076893,0.5951259
0.0711771,1,0.0637357,0.52874,0.1098281,0.6105398
0.0710345,1,0.0898758,0.52848,0.1023405,0.6114683
0.0577367,0,0.021694,0.56046,0.1225584,0.6047828
0.0714286,0,0.0113255,0.55379,0.1074232,0.5768132
0.0569322,1,0.1344347,0.50807,0.1171966,0.5716882
0.0707483,0,0.0104996,0.51546,0.1123038,0.6322641
0.0659722,0,0.0016877,0.51815,0.1102795,0.6321846
0.0665494,1,0.0329185,0.55387,0.1145339,0.6205983
0.0484621,1,0.0778142,0.53878,0.108289,0.6044821
0.0601056,1,0.0990765,0.50694,0.1253249,0.5368412
0.0521255,1,0.1247585,0.51264,0.1068637,0.5796941
0.0683237,1,0.0581478,0.51885,0.1097937,0.6015052
0.072951,1,0.1911066,0.43189,0.1172359,0.5016344
0.0623789,1,0.1286175,0.46605,0.1072909,0.5691419
0.0602934,1,0.0563643,0.494,0.1075948,0.6102133
0.0659981,1,0.081826,0.54407,0.1193846,0.5827481
0.0578453,1,0.1332771,0.50396,0.110324,0.5433002
0.058857,1,0.1003783,0.52367,0.1199722,0.5651869
0.0492132,1,0.2129964,0.54389,0.1241887,0.546492
0.0497884,0,0.2055513,0.49919,0.1218685,0.5504197
0.0564055,1,0.0850979,0.4923,0.1128634,0.6107059
0.0498334,1,0.1747757,0.48633,0.1036031,0.460882
0.0349426,1,0.4398277,0.4788,0.0888239,0.5253097
0.0371475,1,0.3671388,0.46691,0.088146,0.5232719
0.0350166,0,0.5508916,0.41556,0.0759129,0.4939849
0.0444763,1,0.313579,0.47591,0.092615,0.5172917
0.0470519,1,0.1809076,0.50833,0.0924396,0.5669312
0.0410454,1,0.357035,0.45564,0.1035822,0.5283581
0.0311186,1,0.4238696,0.40359,0.0949512,0.5173835
0.0348706,0,0.3001277,0.42502,0.1046483,0.5209836
0.0325681,0,0.4342487,0.39063,0.0979972,0.5169018
0.0318443,1,0.2916284,0.4485,0.0993607,0.5344929
0.0443038,0,0.2323598,0.45219,0.103667,0.5838777
0.0469526,1,0.2392524,0.46459,0.1238277,0.5669392
0.0486111,1,0.3367942,0.55455,0.0905057,0.5793233
0.0388889,0,0.3250139,0.41928,0.0855437,0.4731896
0.0408506,1,0.3246413,0.471,0.1013605,0.5419729
0.0327103,1,0.3600176,0.46517,0.1090682,0.5259522
0.0483238,0,0.2602962,0.42877,0.1041732,0.5567345
0.0326511,0,0.4402921,0.44768,0.1041815,0.5054264
0.032054,0,0.3991556,0.44242,0.1048467,0.5167584
0.0453058,1,0.2967886,0.4393,0.1024405,0.5339476
0.040601,1,0.282508,0.50872,0.1150667,0.5306087
0.0376225,1,0.1802161,0.47294,0.0879483,0.4996479
0.0416667,0,0.1742727,0.53234,0.0959168,0.588008
0.0699456,1,0.0582216,0.52989,0.096033,0.6156201
0.0448569,0,0.2837061,0.45595,0.1048074,0.574609
0.0523539,1,0.1998627,0.51942,0.1068323,0.5704269
0.0348352,1,0.4061438,0.48676,0.1138379,0.4937057
0.0338983,1,0.4927536,0.42168,0.0924745,0.474656
0.034563,1,0.3627171,0.44611,0.0826493,0.4445972
0.0470417,1,0.2854086,0.47965,0.1079504,0.4792463
0.0579598,1,0.1131768,0.52136,0.1326959,0.563859
0.0386925,0,0.370431,0.39462,0.1089188,0.5218545
0.0324675,0,0.3550063,0.40755,0.1114746,0.528193
0.0277778,1,0.483597,0.40283,0.1006753,0.4936724
0.0229549,0,0.5015946,0.35359,0.0915586,0.4739467
0.0584416,1,0.2125489,0.48549,0.1073158,0.588684
0.0467633,0,0.3442973,0.44997,0.1012599,0.5199522
0.0362867,1,0.4528675,0.41583,0.0846792,0.5239118
0.0396293,0,0.400845,0.42766,0.0787482,0.4791254
0.0863388,1,0.059844,0.52196,0.1071563,0.6147603
0.0504781,1,0.2705701,0.45293,0.1076077,0.5528106
0.0403226,1,0.3831728,0.41342,0.0917526,0.4861797
0.0423492,0,0.5890595,0.3391,0.0837577,0.4888288
0.0611304,1,0.1371516,0.54191,0.1205383,0.5549849
0.0513915,1,0.2892218,0.45948,0.1070713,0.5499479
0.0481662,0,0.3587759,0.44221,0.1105741,0.5356328
0.0331304,1,0.4011421,0.43606,0.1127969,0.5165257
0.0676387,0,0.2318018,0.43201,0.0975793,0.5499872
0.1105678,0,0.0368878,0.54793,0.0911725,0.6061178
0.1600284,0,0.0640119,0.50724,0.0866606,0.5927578
0.1035549,0,0.0131411,0.52522,0.0965264,0.584769
0.0946746,1,0.1523456,0.48605,0.0846895,0.6085897
0.0640393,1,0.2754225,0.45588,0.0916502,0.5064815
0.06628,0,0.3115669,0.49457,0.0744046,0.5995172
0.1098351,1,0.2669657,0.40654,0.0844293,0.5223682
0.0964401,0,0.0132547,0.6147,0.0929799,0.5613645
0.1020266,0,0.0025872,0.64592,0.0978226,0.5915421
0.0977881,0,0.0454877,0.58789,0.1108597,0.5340424
0.0633562,1,0.0481373,0.56133,0.1008317,0.5950271
0.0545928,1,0.2136385,0.43429,0.1053296,0.5156981
0.0643094,1,0.0793115,0.50886,0.1047662,0.5097452
0.0646154,0,0.0209295,0.58486,0.0930194,0.5004672
0.0645286,1,0.0774874,0.50617,0.0946256,0.5725184
0.074721,0,0.0238411,0.59267,0.1045015,0.5833583
0.0757946,0,0.0111362,0.60029,0.1051584,0.5904371
0.0524627,1,0.0823303,0.51967,0.1061857,0.5432631
0.0637947,1,0.0640125,0.55851,0.0953845,0.5709947
0.0742049,0,0.0029977,0.59513,0.1048769,0.6120474
0.0766283,0,0.0029294,0.59919,0.1066448,0.6075249
0.0781781,0,0.0027718,0.60627,0.1018139,0.6047077
0.0745098,0,0.0038019,0.55639,0.1050274,0.621029
0.0487516,1,0.1164486,0.57763,0.1121586,0.5559458
0.0540025,0,0.0186798,0.6441,0.1047525,0.5970162
0.0546559,1,0.0388238,0.58992,0.1155254,0.586365
0.0511691,1,0.1174468,0.52377,0.1022449,0.5464224
0.0520325,1,0.027793000000000002,0.5188,0.1012795,0.6028495
0.1070111,1,0.0027234,0.63237,0.0940376,0.623225
0.0537296,1,0.0904804,0.49024,0.111434,0.5443232
0.0633333,0,0.0261227,0.50797,0.1137969,0.6035464
0.0728395,0,0.0514152,0.55225,0.1064566,0.6164842
0.0818752,1,0.0744407,0.61918,0.1074444,0.6120344
0.0520619,1,0.1320307,0.50597,0.119794,0.5409734
0.092707,1,0.013464,0.58073,0.1234292,0.5858892
0.0762868,0,0.0678778,0.60993,0.1010308,0.5677363
0.0919693,1,0.0325208,0.59154,0.1069637,0.6029915
0.0732919,0,0.0147756,0.68377,0.0985659,0.5813956
0.069812,1,0.0520175,0.66504,0.0895814,0.5904006
0.0575786,1,0.0973125,0.55198,0.1053628,0.5375096
0.0822222,0,0.0113456,0.68053,0.1003512,0.6021588
0.0600484,1,0.1066383,0.54475,0.1059721,0.5523371
0.073401,1,0.0332389,0.62733,0.1049144,0.5901995
0.0906822,0,0.0055664,0.63501,0.0999485,0.6112475
0.0661661,1,0.0376271,0.53661,0.1181313,0.5880635
0.0531631,1,0.0579176,0.55677,0.1148783,0.5693848
0.0659341,1,0.067537,0.57293,0.1051433,0.5756478
0.0490063,1,0.1408303,0.47947,0.115419,0.5496563
0.0741163,1,0.0104909,0.59315,0.1163292,0.6251613
0.0825769,1,0.0346978,0.59228,0.1127532,0.5657589
0.0905316,1,0.0364461,0.58568,0.096654,0.546917
0.0869565,1,0.0144986,0.57433,0.1020352,0.5234585
0.0794224,1,0.0408462,0.57405,0.1101568,0.5853062
0.1177754,0,0.0019949,0.64257,0.1057724,0.6078427
0.1085714,0,0.0154274,0.58371,0.1067491,0.5599176
0.0815114,1,0.1816823,0.53163,0.1002896,0.5331063
0.0648882,1,0.043422,0.63306,0.1011784,0.5841959
0.0564063,1,0.0725557,0.59933,0.1057451,0.5681902
0.0508593,1,0.1749033,0.53765,0.1073707,0.5207561
0.0706587,1,0.0075283,0.57768,0.1079572,0.5985206
0.0686525,1,0.029197,0.61511,0.1072273,0.5778443
0.0730731,1,0.0390431,0.63161,0.0981525,0.5705113
0.1251212,1,0.0226593,0.57842,0.0986702,0.5703378
0.0650759,0,0.0317172,0.57271,0.1191668,0.5634755
0.0746554,0,0.0181913,0.56569,0.0952203,0.5231165
0.0490941,1,0.1239633,0.54487,0.1101801,0.5266
0.0642629,1,0.0510108,0.63998,0.1127461,0.5718742
0.1130934,1,0.0228161,0.61335,0.0710767,0.5275401
0.1022071,1,0.0173747,0.62153,0.0775805,0.5639431
0.0951215,1,0.0752677,0.53349,0.0821813,0.5454549
0.0669517,1,0.086445,0.60278,0.1012593,0.5541838
0.075086,1,0.0337765,0.59601,0.0899696,0.546425
0.0642031,1,0.0910396,0.54431,0.0964442,0.5445369
0.1051805,0,0.0074331,0.55953,0.1117186,0.5795196
0.1049585,1,0.0226551,0.55982,0.0917478,0.5361406
0.1252822,0,0.004092,0.54987,0.1013577,0.5773802
0.1067055,1,0.0613311,0.53945,0.1035298,0.5802506
0.127786,0,0.003027,0.54475,0.10057,0.5947621
0.0970406,1,0.0440801,0.51827,0.1127981,0.5731627
0.1465677,0,0.001737,0.55233,0.0999061,0.6028056
0.1377561,0,0.0078296,0.50136,0.1030685,0.6079913
0.0683839,1,0.0211336,0.51926,0.1065666,0.5770856
0.0939364,1,0.0240551,0.59054,0.0801151,0.5482139
0.0680713,1,0.071288,0.59208,0.0979975,0.5827674
0.0868678,1,0.0471906,0.6073,0.0966583,0.5982128
0.0972335,1,0.032627,0.58931,0.0848623,0.6004664
0.0966744,1,0.0432689,0.57459,0.0981781,0.5842979
0.0616438,1,0.1641565,0.50012,0.0888299,0.543902
0.0767296,1,0.0556379,0.54086,0.0871143,0.5221298
0.0931538,0,0.0120771,0.56886,0.0902137,0.5527911
0.0882941,1,0.0225524,0.55685,0.0942176,0.5377528
0.0667501,1,0.1042086,0.52128,0.0883493,0.5244902
0.0934867,1,0.0296748,0.56843,0.0917072,0.5158406
0.079879,0,0.0104549,0.61965,0.0909189,0.5520873
0.1616438,0,0.0016551,0.69583,0.0846182,0.5762717
0.1012048,1,0.035465000000000003,0.59046,0.0814672,0.5394256
0.0853897,0,0.0406113,0.58124,0.0848383,0.5218813
0.0824284,0,0.0128722,0.56512,0.0923376,0.5395844
0.0832482,1,0.0548041,0.51112,0.086722,0.5331771
0.1109066,1,0.0234786,0.63172,0.0785234,0.591569
0.107529,1,0.0216272,0.57833,0.0800567,0.5484756
0.1019009,1,0.0251633,0.60439,0.093459,0.5747404
0.0828036,1,0.0266742,0.52952,0.0836654,0.5668477
0.0963186,1,0.0257068,0.58158,0.0792937,0.5834165
0.079378,1,0.0586776,0.57264,0.0880598,0.5826253
0.0949514,1,0.0750854,0.4816,0.0794421,0.5567463
0.104999,1,0.1962365,0.43985,0.0729256,0.480598
0.1222833,1,0.0552078,0.4188,0.0754884,0.5872104
0.1024117,1,0.1384369,0.40053,0.0715346,0.5424214
0.0740248,1,0.1934895,0.46098,0.0797608,0.5123836
0.0658846,1,0.1756503,0.46918,0.0965584,0.5313057
0.0626999,1,0.1961827,0.5094,0.0965823,0.5567299
0.0623094,1,0.1625849,0.51707,0.0908833,0.5767519
0.044542,0,0.3432235,0.39934,0.0851302,0.5357707
0.080744,1,0.0033915,0.58572,0.1175241,0.5612368
0.0679502,0,0.0023276,0.5292,0.113854,0.5653377
0.0849624,0,0.0036382,0.59967,0.0911978,0.5877228
0.080598,1,0.0063103,0.57433,0.1177101,0.5554847
0.0928382,1,0.0058352,0.55812,0.1002203,0.5420471
0.0840237,0,0.0022711,0.60773,0.111572,0.5710329
0.0791583,0,0.003825,0.60031,0.1102932,0.5574956
0.0820455,1,0.0326659,0.52939,0.0921162,0.5242115
0.0676692,0,0.0230867,0.52588,0.1258913,0.5152037
0.1048246,1,0.0537642,0.44446,0.0801852,0.5182357
0.100065,1,0.0069617,0.53581,0.1050862,0.5792845
0.0901116,0,0.003897,0.59261,0.1074477,0.5454048
0.0680424,1,0.0549518,0.51898,0.094534000000000007,0.4861717
0.0786153,1,0.0867906,0.43817,0.0926127,0.5502784
0.0870659,1,0.015813,0.54736,0.104357,0.5338824
0.0921409,0,0.0014884,0.64579,0.0966784,0.5763593
0.1005693,0,0.0179547,0.63775,0.0844837,0.4849507
0.1199226,0,0.0095167,0.63636,0.0942543,0.5778168
0.1051995,0,0.0040393,0.60816,0.1027385,0.6156547
0.1020543,0,0.0022476,0.61395,0.097101,0.5975506
0.1302395,0,0.0019301,0.62484,0.1012653,0.6011535
0.1756757,1,0.0016599,0.66791,0.0678741,0.6225684
0.1994382,0,9.42e-4,0.68871,0.0679604,0.6148661
0.1256732,1,0.0065633,0.66847,0.067436,0.5516004
0.1373093,0,0.0136979,0.62334,0.0802426,0.5794886
0.127406,1,0.0075825,0.6233,0.0708912,0.5689661
0.0851969,1,0.0533286,0.47066,0.0926825,0.5490904
0.111465,0,0.008597,0.6435,0.1032468,0.588213
0.0846722,0,0.0021054,0.5783,0.0970201,0.6103948
0.1428571,1,0.0161142,0.55731,0.0788223,0.6131306
0.1184971,0,0.0038069,0.67313,0.0861692,0.5889709
0.1265985,0,0.005206,0.67799,0.0914158,0.5903857
0.1652422,0,0.0025239,0.69817,0.0652163,0.6020485
0.1127451,0,0.0070697,0.63612,0.0976098,0.6027492
0.1228288,1,0.0468502,0.59211,0.0795097,0.5643222
0.1333333,0,0.0040656,0.70975,0.0714433,0.6115037
0.09375,1,0.017358,0.57951,0.0837689,0.5262941
0.117943,1,0.0209094,0.56813,0.0974736,0.5810228
0.124498,0,0.0052112,0.63319,0.0979687,0.5949965
0.1374188,1,0.0072417,0.67089,0.0812908,0.6012158
0.1151142,1,0.0067334,0.61962,0.0848283,0.5989106
0.0915169,1,0.0086489,0.5866,0.0896788,0.5787928
0.0848416,0,0.0018343,0.63935,0.0880909,0.5982811
0.1242866,1,0.0026102,0.63777,0.080709,0.5997698
0.1133242,1,0.0050998,0.63999,0.0835481,0.5513048
0.1178209,1,0.0059425,0.6207,0.0870346,0.5559887
0.1670205,1,0.0050333,0.64871,0.0779245,0.5867254
0.092119,1,0.0304153,0.52397,0.0914473,0.5359558
0.1592866,1,0.0051168,0.64981,0.0793546,0.5985851
0.0966942,0,0.0159548,0.60445,0.0977324,0.5300419
0.101396,0,0.0203864,0.64033,0.0983285,0.604097
0.085213,1,0.054623,0.51521,0.0920421,0.5517596
0.0677928,1,0.0945161,0.56221,0.0930519,0.5251856
0.1022168,0,0.0212252,0.6457,0.1076923,0.5837381
0.0885445,0,0.0429756,0.61196,0.107627,0.5564148
0.0810868,1,0.0554935,0.53584,0.1080466,0.5622135
0.1149289,0,0.0134715,0.63055,0.0962847,0.585753
0.0716451,1,0.0611984,0.53377,0.0971044,0.5844065
0.0691956,1,0.0591592,0.5495,0.1002283,0.5662224
0.0445263,1,0.1412247,0.48963,0.0922993,0.532173
0.073133599999999993,1,0.1195854,0.57735,0.0927919,0.56344
0.0649209,1,0.1878835,0.44296,0.0826623,0.5210395
0.073504,1,0.0639058,0.56035,0.1000153,0.5709733
0.0797373,0,0.0498614,0.58779,0.0889707,0.5965477
0.0848948,0,0.0146738,0.59863,0.1047821,0.5896262
0.0504917,1,0.1953342,0.4756,0.1033248,0.5303282
0.0738739,0,0.0551212,0.6319,0.1090667,0.5696223
0.0917917,0,0.0398003,0.63369,0.1047817,0.5982691
0.0671506,1,0.0782598,0.52701,0.1178728,0.5558065
0.087423,1,0.0568464,0.56997,0.1039002,0.5725525
0.0899954,0,0.0372783,0.62443,0.1021107,0.5846767
0.0897833,0,0.001155,0.50556,0.1044505,0.6527966
0.0811738,0,0.002297,0.4878,0.1008776,0.6330313
0.0996016,0,0.0010371,0.53748,0.113741,0.6247787
0.1096939,0,0.0017009,0.50995,0.103607,0.6571736
0.0960983,0,0.0148295,0.54482,0.1102656,0.6302641
0.0996909,1,0.0651986,0.5638,0.1085603,0.6086376
0.0734436,0,0.081193,0.56137,0.1003965,0.5871368
0.0741246,0,0.0607339,0.52673,0.1140442,0.6039006
0.0681818,0,0.0351113,0.53086,0.084339,0.5543425
0.0813444,1,0.0438244,0.61139,0.0974713,0.6060628
0.0790656,1,0.0822083,0.56817,0.1037154,0.5593756
0.113307,0,0.0323082,0.57747,0.1105215,0.5823621
0.0598247,1,0.0753983,0.53982,0.1006008,0.5760054
0.0663168,0,0.029004,0.48148,0.1194255,0.5943425
0.0513736,0,0.2378091,0.41871,0.1108986,0.5386
0.0810114,1,0.0427289,0.554,0.110888,0.590708
0.1875,0,0.001534,0.71471,0.0839062,0.626381
0.0890882,1,0.0077789,0.60759,0.1038243,0.544766
0.1683168,0,0.0018809,0.61103,0.103178,0.5840151
0.100211,0,0.0439904,0.64153,0.10994,0.5827634
0.0933014,0,0.036544,0.60746,0.1011133,0.5803033
0.1119221,0,0.0155912,0.62537,0.0958111,0.5882486
0.1083333,0,0.0033829,0.62544,0.0993395,0.6021894
0.0871369,0,9.645e-4,0.58295,0.1020388,0.6099112
0.1467181,0,0.0024772,0.63774,0.0954508,0.6081059
0.1151832,0,0.0079759,0.56508,0.0779925,0.5061858
0.1859813,1,0.001839,0.61217,0.0814367,0.5958169
0.298913,0,3.988e-4,0.62308,0.0395041,0.6551598
0.0976059,0,0.0014069,0.60346,0.0814732,0.5469866
0.3333333,0,0.0010743,0.68224,0.0560801,0.6297206
0.0825545,0,7.251e-4,0.47497,0.0965832,0.4779263
0.2242991,0,0.0172791,0.6781,0.0786394,0.5907624
0.2191011,0,0.0011317,0.64728,0.060926,0.6298251
0.3571429,0,0.0024219,0.67333,0.0558368,0.633474
0.0941884,0,8.732e-4,0.52667,0.1063942,0.5160915
0.166065,0,0.0012219,0.60942,0.074295,0.6129587
0.2666667,0,0.0020745,0.68814,0.0848596,0.6062271
0.3300248,0,0.0017697,0.66419,0.0717396,0.5976118
0.2494279,0,8.623e-4,0.66726,0.0811248,0.5934764
0.3391089,0,8.647e-4,0.6535,0.0901739,0.5842234
0.1702128,0,0.0026335,0.67,0.0625226,0.5249789
0.1843575,0,0.0026836,0.68576,0.0677169,0.5638437
0.1193548,1,0.0121517,0.59942,0.0894455,0.5632534
0.1438679,0,0.0011478,0.68298,0.0707756,0.6106068
0.1702128,0,6.741e-4,0.68634,0.056925,0.6345499
0.1070664,0,0.0010547,0.61635,0.0782077,0.5789406
0.070028000000000007,1,6.079e-4,0.46465,0.1049174,0.4048423
0.1111111,0,2.579e-4,0.66279,0.0826569,0.5794269
0.2007299,0,0.0022338,0.63621,0.0753855,0.5908515
0.0958974,0,0.00244,0.57716,0.0870245,0.5703824
0.2332564,0,0.0016082,0.6594,0.06696,0.6173882
0.1766234,0,0.0015693,0.67212,0.076773,0.5893617
0.1277174,1,0.0089361,0.6398,0.0736569,0.5323486
0.1365003,1,0.0063737,0.59668,0.0795135,0.533316
0.2352941,0,0.0011865,0.69913,0.070004,0.6263012
0.2269503,0,0.0028137,0.64831,0.0811936,0.5710996
0.15266,0,0.0029432,0.64825,0.0716757,0.6081548
0.1652614,0,0.0022476,0.65924,0.0785423,0.6022235
0.1893491,0,2.017e-4,0.62829,0.0599504,0.6492773
0.2392344,0,0.002005,0.5973,0.0646109,0.6357073
0.192053,0,1.596e-4,0.57091,0.0763889,0.6388889
0.1392857,0,3.564e-4,0.58608,0.0711883,0.5998879
0.1714744,0,0.0064717,0.67036,0.0676176,0.6194828
0.1331719,0,0.0021005,0.63924,0.0766751,0.5865716
0.1204819,0,0.0061083,0.64908,0.090915,0.5941504
0.1571072,0,9.098e-4,0.63147,0.0549896,0.607647
0.0804196,0,0.0016828,0.56932,0.0806229,0.5305789
0.0920502,0,0.001682,0.60879,0.0980416,0.6158646
0.1258581,0,0.0062651,0.65879,0.0735346,0.5946566
0.1535836,0,0.008471,0.66054,0.0546055,0.6081184
0.2277433,0,0.0019503,0.73376,0.0422682,0.6343694
0.1391162,0,0.0045669,0.71311,0.0588858,0.626855
0.1863057,0,0.0012765,0.68411,0.0773651,0.6115883
0.1301483,0,0.0024077,0.69538,0.0727686,0.608053
0.1743119,0,0.002632,0.69194,0.0690666,0.5969461
0.1300448,0,0.0148273,0.66785,0.0909665,0.5875846
0.0908319,1,0.0332521,0.53839,0.0978831,0.5643552
0.1223301,0,0.0034551,0.66069,0.0909283,0.5988396
0.154195,0,0.0015279,0.66554,0.0742521,0.6424339
0.1660959,0,0.0033861,0.68334,0.0713399,0.6039082
0.0930718,1,0.0073276,0.61722,0.1108369,0.5761445
0.0511182,0,2.355e-4,0.47549,0.1238532,0.4216514
0.1103448,0,1.951e-4,0.62319,0.0656915,0.5619681
0.0242537,0,7.186e-4,0.37882,0.138341,0.3729193
0.1184211,0,0.0030499,0.60503,0.0969828,0.5907169
0.0948783,1,0.0213031,0.59102,0.1252726,0.58257
0.1734417,0,0.0013118,0.6183,0.1050374,0.6157324
0.0319489,0,0.0010343,0.49506,0.095269,0.4539901
0.1520737,0,0.0062292,0.66472,0.0711772,0.6048121
0.1676737,0,0.0017493,0.71154,0.0623136,0.6292897
0.1108742,0,0.0046863,0.64089,0.0778582,0.5937243
0.1858736,0,0.0056194,0.68254,0.0679312,0.6393326
0.141189,1,0.0027282,0.65337,0.0889598,0.6158871
0.1125235,1,0.0124193,0.61462,0.087847,0.5679279
0.1003861,0,0.0011127,0.66286,0.0716579,0.6076742
0.091687,1,0.0226154,0.58643,0.0903192,0.5374638
0.1586957,0,0.0021458,0.65682,0.0876747,0.6057179
0.1226415,0,0.0060792,0.67076,0.0951955,0.6095681
0.0774395,1,0.0734997,0.53533,0.1033434,0.5551417
0.1448598,0,0.0108677,0.60631,0.082183,0.6287032
0.1622807,0,0.0010638,0.67085,0.0874633,0.6377378
0.1453488,0,4.925e-4,0.6144,0.0768082,0.6383544
0.1764706,0,6.105e-4,0.63209,0.0683453,0.6639121
0.1247216,0,0.0050085,0.57099,0.0949701,0.6176617
0.089488,1,0.0595318,0.54259,0.1078073,0.5936079
0.0656217,1,0.0166736,0.56592,0.1122784,0.5550495
0.1162791,0,0.0113572,0.48406,0.1199224,0.5414287
0.2046512,0,0.0128962,0.59847,0.082318,0.6334357
0.2432432,0,0.0040385,0.65049,0.0767751,0.6263229
0.1686747,0,0.0403158,0.65759,0.0809982,0.6796891
0.1486486,0,0.0018981,0.67666,0.0602128,0.6681866
0.1989796,0,0.0035073,0.66209,0.0651982,0.6431413
0.1949152,0,0.0041133,0.6781,0.0610349,0.6045997
0.1824561,0,0.0014217,0.65625,0.0844525,0.6327066
0.163575,0,0.0042832,0.64035,0.0742427,0.5666748
0.1645746,0,0.0016094,0.66434,0.0732886,0.6344115
0.0947368,0,0.0158232,0.64621,0.0996941,0.6401107
0.1680376,0,0.0034629,0.52703,0.1076605,0.5208412
0.0754717,0,0.0048224,0.5792,0.1008387,0.5742149
0.1650485,0,0.0095859,0.59139,0.0874083,0.4577526
0.1151993,1,0.0051893,0.5383,0.0933395,0.5674437
0.0870191,1,0.0469253,0.47151,0.1145246,0.5422332
0.1551724,0,0.0062527,0.67738,0.0802486,0.6412209
0.1151079,0,0.0117422,0.60335,0.0732118,0.604887
0.1324717,0,0.0145044,0.66983,0.0913594,0.6242583
0.1085884,0,0.0263293,0.62878,0.1145508,0.594524
0.1557789,0,0.0056289,0.65932,0.0806714,0.5503678
0.1151079,0,0.018422,0.70171,0.0899254,0.6246527
0.1494253,0,1.783e-4,0.6701,0.0818677,0.6302345
0.1528239,0,0.0025133,0.68307,0.0745582,0.6135248
0.1863354,0,1.8e-4,0.68535,0.0641471,0.6401256
0.1503759,0,0.003338,0.68199,0.0753727,0.6120092
0.0825566,0,0.0261612,0.63278,0.1100903,0.5896049
0.1718213,0,0.0098876,0.68027,0.0790226,0.6090584
0.1476793,0,0.0017767,0.65248,0.0648231,0.6327839
0.0884126,1,0.0734213,0.63957,0.0808331,0.5377623
0.0707252,1,0.0593443,0.57289,0.1069878,0.5328792
0.0724102,1,0.0754554,0.53711,0.1141923,0.5771474
0.1022409,1,0.0105167,0.65708,0.0779079,0.6277046
0.1108344,0,0.0194246,0.6426,0.1023218,0.6057277
0.0912548,0,0.0112401,0.64998,0.1005528,0.5983294
0.1094017,0,0.0174368,0.63029,0.0924488,0.5577772
0.0891365,0,0.0332372,0.58505,0.1067749,0.6062599
0.0792079,1,0.0924472,0.59292,0.1357027,0.5644469
0.0701107,1,0.1244832,0.50186,0.1127755,0.556116
0.0834798,1,0.0332596,0.61203,0.1159928,0.5622681
0.081947,0,0.0162866,0.58638,0.1164854,0.6021044
0.1127451,0,0.012792,0.66718,0.0771424,0.5299444
0.1208459,0,0.0013265,0.62465,0.0878644,0.628194
0.0655332,1,0.0779793,0.5766,0.1024786,0.5270762
0.068299,0,0.003178,0.55346,0.1060073,0.6294587
0.0714481,1,0.0139838,0.57005,0.1097137,0.5860038
0.0748915,0,0.0017736,0.56488,0.1086107,0.6294924
0.072272,1,0.0123115,0.58093,0.1112046,0.5811328
0.0851624,0,0.0041353,0.58089,0.1085578,0.6091258
0.0889761,0,0.0169136,0.5271,0.1055589,0.6145506
0.093914,1,0.0336386,0.53988,0.1187767,0.6020192
0.0630567,0,0.0681135,0.50834,0.1165363,0.5748422
0.0918216,1,0.0105696,0.54467,0.1025896,0.616567
0.0982867,0,0.03309,0.55248,0.0888529,0.4914772
0.0783425,1,0.0778685,0.51534,0.1190015,0.5793145
0.0810612,1,0.1020214,0.51383,0.1134604,0.5754362
0.1983806,0,0.0078475,0.61739,0.1015794,0.6373674
0.1495468,0,0.0305424,0.59537,0.1034986,0.5979974
0.0864474,1,0.0244144,0.42202,0.0918052,0.5479117
0.0850561,0,0.0285403,0.55666,0.1108177,0.6022609
0.0812721,0,0.0041447,0.45714,0.1457187,0.556528
0.0692002,0,0.0050202,0.54215,0.1130565,0.5586931
0.1162866,0,0.0155432,0.52907,0.1086355,0.5691059
0.1204819,0,0.0086705,0.47712,0.083959,0.559215
0.1616201,0,0.0372303,0.53619000000000006,0.083942,0.6126106
0.0674996,1,0.0689333,0.46811,0.098342,0.5296087
0.0833333,0,0.045212,0.5532,0.0988975,0.5867772
0.0794297,0,0.0295052,0.47885,0.0765277,0.618973
0.0859593,1,0.0533827,0.51151,0.1071954,0.5828758
0.154273,1,0.0342603,0.57753,0.088511,0.6479238
0.1336406,0,0.0360424,0.56614,0.0709004,0.6549224
0.1171548,0,0.0519149,0.48774,0.0871622,0.6224324
0.0848523,0,0.0527573,0.48739,0.0736495,0.6146561
0.1076487,0,0.0083988,0.60649,0.0792138,0.6141108
0.185567,0,0.0042464,0.60077,0.0736334,0.6579583
0.1913043,0,8.71e-4,0.66186,0.0753679,0.6586439
0.123348,0,0.0253652,0.61983,0.0786848,0.6264518
0.2328358,0,0.001262,0.58771,0.0741487,0.677494
0.1617021,0,0.0051107,0.59781,0.0728884,0.6407231
0.1362764,0,0.0198871,0.60119,0.072362,0.6647512
0.1016903,1,0.0635358,0.49986,0.0916087,0.592017
0.1149289,0,0.1059392,0.54312,0.0685188,0.5997953
0.0696203,0,0.0801482,0.46891,0.0882698,0.5720295
0.0692448,1,0.0780424,0.47123,0.1028428,0.5225223
0.0955711,0,0.0107636,0.5239,0.1002756,0.6555415
0.0643826,1,0.0595595,0.47117,0.1094088,0.5432842
0.1022444,0,0.0993202,0.51498,0.0983243,0.5583427
0.0965575,0,0.0119131,0.51651,0.1000342,0.6315339
0.1787597,1,0.0524131,0.49369,0.1049013,0.5934663
0.2322946,0,0.026881,0.52647,0.0738668,0.6192172
0.2227806,0,0.0343409,0.48928,0.067052,0.6649833
0.1802657,0,0.006149,0.46734,0.0946088,0.5733865
0.0832049,0,0.0050348,0.2848,0.068262,0.5634182
0.09375,0,0.0438105,0.39088,0.074155,0.6067715
0.1088804,1,0.0016051,0.34836,0.0583439,0.581421
0.0915917,1,0.0033219,0.3013,0.0599066,0.5899993
0.1055019,1,0.0330253,0.45374,0.1065359,0.5423179
0.0780245,1,0.1299481,0.49716,0.0704658,0.4807342
0.1156737,1,0.0966651,0.48868,0.09947,0.6013544
0.0927537,1,0.1708201,0.44219,0.0957035,0.556763
0.0948645,1,0.2252486,0.48267,0.1094353,0.5784421
0.077552,0,0.1945858,0.49822,0.0845984,0.6014946
0.0943033,0,0.1754492,0.47199,0.088199,0.555206
0.0860008,1,0.0371404,0.52318,0.103991,0.5648072
0.1187151,0,0.0133102,0.48987000000000003,0.077237,0.6550862
0.0734694,0,0.0019039,0.43321,0.1115611,0.6060383
0.097491,0,0.0023004,0.40613,0.076233,0.6139554
0.1237279,0,0.0132411,0.36746,0.0648602,0.618865
0.0997972,0,0.0011206,0.28739,0.0471069,0.6158928
0.1145194,0,0.0495256,0.50789,0.0850359,0.6262296
0.1212121,0,0.0408518,0.47908,0.0918245,0.5875134
0.1541096,0,0.0822869,0.56741,0.0878351,0.5935011
0.1034318,1,0.0591119,0.54738,0.1086916,0.5776294
0.0782609,0,0.1303169,0.50289,0.0595659,0.6947249
0.1690141,0,0.0477007,0.52851,0.0731155,0.6594144
0.0971757,1,0.0877287,0.60007,0.1077747,0.586719
0.1746988,0,0.0244782,0.5637,0.0929592,0.6403129
0.0897436,0,0.0740653,0.50726,0.083535,0.6072466
0.1080088,0,0.0325001,0.53538,0.1039057,0.6088257
0.1135191,0,0.0059722,0.53544,0.0762343,0.6203632
0.0676536,1,0.1413546,0.50394,0.09785,0.5565511
0.1014367,0,0.1658647,0.4949,0.0953421,0.598213
0.0772631,1,0.1930097,0.61005,0.097572999999999993,0.6023459
0.0913229,1,0.1045706,0.48635,0.109728,0.5785443
0.0711015,1,0.1507356,0.45408,0.1009596,0.554483
0.0766932,1,0.1046197,0.53213,0.1073595,0.5970769
0.0952326,1,0.1423674,0.51344,0.0973067,0.6213672
0.114214,1,0.1933973,0.51093,0.1037945,0.5926188
0.079065,1,0.201345,0.50137,0.1045198,0.5791134
0.10482,1,0.1313618,0.56989,0.1097675,0.5777844
0.1122449,0,0.0737763,0.55057,0.1101904,0.592015
0.0743034,0,0.0891569,0.44884,0.0883298,0.6156534
0.1104651,0,0.0420657,0.53285,0.1134339,0.6091985
0.1867677,0,0.0305001,0.54183,0.1016326,0.561766
0.1159188,1,0.0297492,0.54665,0.1110439,0.5968187
0.0820753,1,0.1000419,0.51677,0.1223658,0.5488836
0.1169181,0,0.031572,0.49636,0.1120854,0.594484
0.0884535,1,0.0526207,0.54392,0.1143796,0.5843993
0.0707719,1,0.1370337,0.50292,0.1140447,0.5906388
0.0926217,0,0.0587287,0.46024,0.1095385,0.6029638
0.1340629,1,0.0413896,0.47547,0.1245047,0.551554
0.1544715,0,0.0032369,0.43424,0.1140036,0.5655296
0.0645161,0,0.002081,0.58304,0.0658646,0.4249592
0.0467836,0,0.003806,0.55096,0.0735965,0.3978613
0.1176471,0,0.0028169,0.49434,0.0912117,0.4902352
0.1472868,0,0.0092719,0.59401,0.1020632,0.6037078
0.1258741,0,0.0065333,0.47878,0.1169577,0.5397993
0.0708661,0,0.002513,0.58092,0.118985,0.5744717
0.120155,0,0.0037594,0.53158,0.134042,0.5529557
0.0519481,0,0.0027351,0.48655,0.0615354,0.4432163
0.1,0,0.0069059,0.41214,0.0917577,0.4266137
0.1598039,1,0.0499702,0.54113,0.1060742,0.55999
0.0825397,0,9.675e-4,0.58089,0.0920935,0.5686723
0.0473373,0,0.0010025,0.5305,0.0878114,0.5696223
0.0970043,1,0.0090535,0.61367,0.1127596,0.5882011
0.1716418,0,8.074e-4,0.57096,0.1057032,0.5961978
0.1462185,0,7.517e-4,0.62409,0.1055565,0.6140854
0.1306533,0,0.0018981,0.64706,0.1088828,0.6268092
0.1252723,0,0.001201,0.54444,0.1268151,0.5587107
0.1033403,0,0.0011446,0.56144,0.1211376,0.5804325
0.1792829,0,8.53e-4,0.6112,0.1181163,0.5603076
0.0888889,0,0.0018179,0.58459,0.0973771,0.5781034
0.1305192,1,0.0037802,0.5822,0.1166416,0.5703276
0.1225806,0,0.0013041,0.61962,0.0829903,0.5704422
0.1260912,0,0.002245,0.60489,0.0918719,0.5622668
0.1185345,0,0.0018389,0.61098,0.1260031,0.6000538
0.0885358,0,0.0017767,0.55129,0.1203987,0.5428689
0.0991379,0,9.118e-4,0.56769,0.1095636,0.6161295
0.1302605,0,0.0010087,0.57971,0.1164856,0.6188047
0.1111111,0,0.0013579,0.55916,0.1181645,0.5915464
0.1056273,1,0.0022688,0.56406,0.1083062,0.542618
0.2641844,0,0.0012546,0.57182,0.0981046,0.6257733
0.1924686,0,0.0065861,0.64512,0.1225771,0.6127264
0.1667991,1,0.006248,0.57977,0.1319776,0.5708748
0.105216,1,0.022351,0.51689,0.0842963,0.5335173
0.0990783,0,0.0027881,0.595,0.0978486,0.5455893
0.0847352,1,0.0037508,0.58898,0.1093809,0.5201709
0.085676,0,0.0046671,0.46367,0.123862,0.4915125
0.080303,1,0.004095,0.47376,0.1343835,0.5190938
0.073033699999999993,0,0.0073871,0.4499,0.1085926,0.5622759
0.0982615,0,0.0032258,0.48638,0.1044646,0.5695868
0.0660692,1,0.0215864,0.5004,0.1250595,0.5151975
0.0535714,0,0.0046251,0.45067,0.1230823,0.5133134
0.0752534,1,0.034316,0.50157,0.109947,0.5503102
0.1092044,0,0.0151299,0.67463,0.0995319,0.5869609
0.0704908,1,0.0291874,0.51786,0.1169187,0.5336047
0.1462214,1,0.0036517,0.58232,0.1147053,0.595352
0.1130435,0,0.0037298,0.52688,0.0795963,0.46244
0.0912106,1,0.0034483,0.53769,0.1081486,0.5462922
0.0813043,1,0.0060059,0.5479,0.1161298,0.559016
0.1267806,0,0.0012473,0.61067,0.1059328,0.5770986
0.0410654,0,0.0051471,0.471,0.0789676,0.4956617
0.0682676,0,0.004049,0.53404,0.1065592,0.5196588
0.086631,0,0.0011837,0.60893,0.1082012,0.59847
0.1125,0,0.0012984,0.6454,0.0828032,0.6468813
0.0737458,1,0.0062858,0.56545,0.1148533,0.5966058
0.0844156,0,0.0064018,0.56476,0.09439,0.6380895
0.1192308,0,3.595e-4,0.58528,0.1161594,0.6609371
0.108595,1,0.0022899,0.60736,0.0722005,0.6342725
0.1365188,0,0.0024424,0.61921,0.0794947,0.5979867
0.1179775,0,0.0021214,0.58172,0.1561809,0.5056726
0.1288889,0,0.0023589,0.64078,0.069718,0.6562108
0.137468,1,0.0026312,0.57715,0.0499941,0.5891605
0.1082486,1,0.0099171,0.55182,0.0915397,0.5796719
0.136,1,0.002674,0.66607,0.0564741,0.6044698
0.0925333,1,0.0034443,0.62529,0.0871536,0.5958789
0.1603774,0,6.585e-4,0.61523,0.1173237,0.6249868
0.113924,0,0.0012784,0.50928,0.1047272,0.5208998
0.1561644,0,0.0013124,0.56337,0.1072783,0.5678392
0.2533784,0,0.0011113,0.62398,0.0873475,0.623422
0.1798246,0,6.562e-4,0.69097,0.0701737,0.6666994
0.2060041,0,0.0039391,0.61063,0.1104919,0.6179491
0.0853369,0,0.0261178,0.55462,0.1248097,0.6010575
0.1393939,0,0.0011828,0.59271,0.1270457,0.6084023
0.1098266,0,0.0010779,0.58309,0.1356397,0.6228806
0.087868,1,0.0066486,0.54065,0.132557,0.5606157
0.075822,0,0.0078042,0.54461,0.1303626,0.4747258
0.0717618,1,0.0033697,0.55711,0.1273263,0.5747351
0.0824411,0,0.0246279,0.57404,0.1273023,0.6083469
0.0819512,0,0.0020468,0.58863,0.1242675,0.5939878
0.0935522,1,0.0266888,0.52297,0.1011002,0.5607893
0.1216197,1,0.0571983,0.48397,0.0948829,0.5678534
0.0749084,1,0.0426346,0.46845,0.0865694,0.5490668
0.0948172,1,0.0157827,0.51937,0.1116149,0.5309887
0.0969371,1,0.0630189,0.49233,0.1111116,0.5408251
0.1293794,1,0.0255705,0.42005,0.0912485,0.5408553
0.1595273,0,0.0103849,0.62146,0.1138088,0.6066768
0.1666667,0,0.0190359,0.62213,0.1232294,0.6280968
0.1164179,0,0.0055786,0.6202,0.1180454,0.61687
0.0912328,1,0.0181325,0.54237,0.1456893,0.5376881
0.0996708,1,0.0129247,0.49847,0.1270197,0.525266
0.12155,1,0.0961999,0.4343,0.0972515,0.5090504
0.0800895,1,0.078189,0.52468,0.1364656,0.5329
0.1143552,0,0.0023703,0.55057,0.1174293,0.5522556
0.10439,1,0.0549027,0.48008,0.1023899,0.5201859
0.0981065,1,0.0273954,0.4495,0.0770633,0.5912584
0.1130042,1,0.0203211,0.50478,0.0980312,0.5338586
0.096091,1,0.073222,0.46323,0.0886994,0.5164733
0.0901468,1,0.0019538,0.58887,0.1273562,0.5762537
0.141115,0,0.0107301,0.61106,0.0662906,0.4901546
0.0967092,0,0.0073854,0.58658,0.0863979,0.6058125
0.0936819,1,0.0017436,0.5758,0.104936,0.6087329
0.0927907,1,0.0110403,0.57266,0.1222171,0.5655666
0.097174,1,0.0023133,0.56272,0.1135485,0.5916984
0.0929866,1,0.0038716,0.5756,0.1294996,0.5665054
0.0931218,1,0.0266869,0.52167,0.1171946,0.5438588
0.1044776,0,0.0024044,0.59755,0.1107832,0.611098
0.0789028,1,0.0068433,0.57173,0.1112307,0.5454209
0.0718105,0,0.0022548,0.54731,0.1410149,0.5657941
0.0815381,1,0.0080838,0.53345,0.0936205,0.5584236
0.106089,1,0.0113467,0.55361,0.1024874,0.5894506
0.0887199,0,0.0037314,0.612,0.1125196,0.5944706
0.1437909,0,2.768e-4,0.62281,0.1033539,0.6365503
0.0817264,1,0.0016671,0.56975,0.1116019,0.6157783
0.1158537,0,0.0010082,0.58357,0.1079599,0.6277029
0.1011236,0,0.0024153,0.56036,0.1478897,0.603727
0.1150881,1,0.0063844,0.5643,0.0989177,0.5378295
0.0865737,0,0.0068525,0.57487,0.1236961,0.5981645
0.1085241,1,0.0431878,0.51444,0.1157903,0.5443975
